Workbook

Sheet MOIS COMP
A2: Exp | B2: 45992 | C2: 45993 | D2: 45994 | E2: 45995 | F2: 45996 | G2: 45997 | H2: 45998 | I2: 45999 | J2: 46000 | K2: 46001 | L2: 46002 | M2: 46003 | N2: 46004 | O2: 46005 | P2: 46006 | Q2: 46007 | R2: 46008 | S2: 46009 | T2: 46010 | U2: 46011 | V2: 46012 | W2: 46013 | X2: 46014 | Y2: 46015 | Z2: 46016 | AA2: 46017 | AB2: 46018 | AC2: 46019 | AD2: 46020 | AE2: 46021 | AF2: 46022 | AG2: Total général
A3: 14 | B3: 1036 | C3: 2000 | K3: 2495.1 | AG3: =SUM(B3:AF3) -> 5531.1
A4: 15 | B4: 4815 | C4: 1600 | D4: 20498.8 | E4: 5656 | F4: 4325.6 | J4: 2191 | L4: 1421 | AG4: =SUM(B4:AF4) -> 40507.4
A5: 16 | B5: 1257.3 | F5: 296 | G5: 2354 | H5: 5022 | K5: 302 | L5: 200 | AG5: =SUM(B5:AF5) -> 9431.3
A6: 17 | B6: 4119.9 | C6: 987 | D6: 1000 | E6: 3790 | F6: 1222 | I6: 3147.9 | J6: 5000 | K6: 4843 | L6: 965 | M6: 2387 | AG6: =SUM(B6:AF6) -> 27461.8
A7: 18 | B7: 430.19 | C7: 1171 | E7: 991 | F7: 893 | G7: 4538 | H7: 10052 | I7: 5030.9 | J7: 671 | L7: 133 | M7: 1474 | AG7: =SUM(B7:AF7) -> 25384.09
A8: 19 | C8: 363 | D8: 9230 | AG8: =SUM(B8:AF8) -> 9593
A9: 20 | B9: 1000 | L9: 781.6 | AG9: =SUM(B9:AF9) -> 1781.6
A10: 23 | B10: 10863 | C10: 13549.3 | D10: 16103 | E10: 19551 | F10: 13056.3 | G10: 2493.6 | H10: 3321 | I10: 11629 | J10: 17325 | K10: 10527.69 | L10: 11506.4 | M10: 5321 | AG10: =SUM(B10:AF10) -> 135246.29
A11: 24 | F11: 1170 | I11: 541 | AG11: =SUM(B11:AF11) -> 1711
A12: 25 | B12: 8276.7 | C12: 2067.2 | D12: 3831.59 | E12: 2086.3 | F12: 9042.5 | G12: 1125 | I12: 22000.5 | J12: 406 | K12: 3630 | L12: 10773.7 | M12: 7812.8 | AG12: =SUM(B12:AF12) -> 71052.29
A13: 26 | E13: 196.9 | M13: 1377 | AG13: =SUM(B13:AF13) -> 1573.9
A14: 27 | B14: 183.2 | C14: 317.39 | I14: 2664 | L14: 424 | AG14: =SUM(B14:AF14) -> 3588.59
A15: 28 | B15: 500 | C15: 217 | L15: 1759.4 | AG15: =SUM(B15:AF15) -> 2476.4
A16: 29 | B16: 293 | C16: 23026 | D16: 11509 | E16: 1307 | F16: 735 | I16: 10100 | J16: 12400 | K16: 400 | M16: 600 | AG16: =SUM(B16:AF16) -> 60370
A17: 30 | E17: 2860.5 | F17: 6051 | AG17: =SUM(B17:AF17) -> 8911.5
A18: 31 | B18: 1025.8 | C18: 614 | E18: 730 | H18: 273 | L18: 724 | M18: 500 | AG18: =SUM(B18:AF18) -> 3866.8
A19: 32 | B19: 1198 | D19: 1575 | I19: 174 | L19: 1000 | AG19: =SUM(B19:AF19) -> 3947
A20: 33 | B20: 3499.4 | G20: 750 | I20: 1002 | J20: 100 | K20: 100 | L20: 1862 | M20: 307.7 | AG20: =SUM(B20:AF20) -> 7621.1
A21: 34 | C21: 141 | D21: 125 | I21: 2336.8 | K21: 544 | M21: 678.8 | AG21: =SUM(B21:AF21) -> 3825.6
A22: 35 | C22: 4695 | D22: 2960 | E22: 9273 | F22: 20610 | G22: 36720 | I22: 13800 | J22: 4100 | L22: 35797 | M22: 303 | AG22: =SUM(B22:AF22) -> 128258
A23: 36 | D23: 584 | E23: 428 | G23: 1938 | H23: 15923.5 | I23: 2142 | J23: 7723 | K23: 1198 | L23: 1856 | M23: 535 | AG23: =SUM(B23:AF23) -> 32327.5
A24: 37 | B24: 198 | E24: 1000 | F24: 500 | K24: 14363 | L24: 8264 | M24: 1404 | AG24: =SUM(B24:AF24) -> 25729
A25: 39 | B25: 54008.09 | C25: 44688 | D25: 46913.7 | E25: 32954 | F25: 11137.6 | G25: 5463 | H25: 1702 | I25: 30403.7 | J25: 32510 | K25: 30257.2 | L25: 27011.8 | M25: 11654.3 | AG25: =SUM(B25:AF25) -> 328703.39
A26: 40 | B26: 44852.5 | C26: 33723 | D26: 23170.36 | E26: 55803.4 | F26: 28207.98 | G26: 16128.5 | H26: 13874.2 | I26: 90446.97 | J26: 75275.6 | K26: 75729.4 | L26: 62654.29 | M26: 47044.4 | AG26: =SUM(B26:AF26) -> 566910.6
A27: 41 | B27: 81609.6 | C27: 66474.4 | D27: 71556 | E27: 61616.6 | F27: 102280.8 | G27: 6725 | H27: 8825.8 | I27: 97992.9 | J27: 207612.8 | K27: 129626.7 | L27: 58766.5 | M27: 55782.5 | AG27: =SUM(B27:AF27) -> 948869.6
A28: 42 | B28: 91514.4 | C28: 86031 | D28: 69375.6 | E28: 44816.1 | F28: 36534.39 | G28: 11032.9 | H28: 6795.6 | I28: 84275.5 | J28: 49086.7 | K28: 41206 | L28: 53665.6 | M28: 53915.2 | AG28: =SUM(B28:AF28) -> 628248.99
A29: 43 | B29: 142751.59 | C29: 104077.4 | D29: 106950.9 | E29: 87164 | F29: 72021.6 | G29: 57632 | H29: 22051.5 | I29: 169162.7 | J29: 242951.7 | K29: 394061.6 | L29: 164805.5 | M29: 132467.29 | AG29: =SUM(B29:AF29) -> 1696097.8
A30: 44 | B30: 75910.39 | C30: 43825.8 | D30: 23165.1 | E30: 36766.49 | F30: 54212 | G30: 9511 | H30: 9101 | I30: 74858.2 | J30: 95296.28 | K30: 77019.29 | L30: 51745.4 | M30: 56084.3 | AG30: =SUM(B30:AF30) -> 607495.25
A31: 45 | B31: 97437.3 | C31: 69688 | D31: 54593.9 | E31: 38820.2 | F31: 78960 | G31: 25943.4 | H31: 20608.1 | I31: 56208.2 | J31: 92992.5 | K31: 66369.7 | L31: 48507.4 | M31: 59727.4 | AG31: =SUM(B31:AF31) -> 709856.1
A32: 46 | B32: 72841.89 | C32: 49297.5 | D32: 25605.6 | E32: 36980.89 | F32: 36236.9 | G32: 7624.8 | H32: 3156.1 | I32: 55652.89 | J32: 48804.29 | K32: 64214.7 | L32: 74514.49 | M32: 41536.8 | AG32: =SUM(B32:AF32) -> 516466.85
A33: 47 | B33: 82418.9 | C33: 60409.4 | D33: 78182.9 | E33: 37709.6 | F33: 68684.2 | G33: 30560 | H33: 14702.2 | I33: 91976.5 | J33: 53854.2 | K33: 78613.6 | L33: 101538.71 | M33: 72248.48 | AG33: =SUM(B33:AF33) -> 770898.69
A34: 48 | B34: 97727.39 | C34: 58430.3 | D34: 39555.9 | E34: 39325.79 | F34: 24416.9 | G34: 10319.4 | H34: 5227 | I34: 56505.3 | J34: 35781 | K34: 115472.1 | L34: 87766.7 | M34: 115476.6 | AG34: =SUM(B34:AF34) -> 686004.38
A35: 49 | B35: 50221.09 | C35: 29575.79 | D35: 21316.6 | E35: 23530.2 | F35: 24639.09 | G35: 43450 | H35: 5632 | I35: 65642.5 | J35: 52791.1 | K35: 63063.5 | L35: 67646.59 | M35: 62963.39 | AG35: =SUM(B35:AF35) -> 510471.85
A36: 50 | B36: 35403.3 | C36: 27884 | D36: 28669.5 | E36: 20286.5 | F36: 16532.5 | G36: 1236 | H36: 3107 | I36: 23405.5 | J36: 23637.1 | K36: 34872.3 | L36: 180103.39 | M36: 27353.6 | AG36: =SUM(B36:AF36) -> 422490.69
... A41: 60 | B41: 91002.19 | C41: 27485.3 | D41: 54997.49 | E41: 81206.7 | F41: 27036.5 | G41: 7299 | H41: 7148.4 | I41: 36351.5 | J41: 205107.89 | K41: 81580.7 | L41: 141355.19 | M41: 43035.9 | AG41: =SUM(B41:AF41) -> 803606.76
A42: 61 | B42: 35541.46 | C42: 14483.3 | D42: 14943 | E42: 16622.4 | F42: 5066.5 | G42: 803 | I42: 8630.6 | J42: 21038.1 | K42: 4672.9 | L42: 11275.1 | M42: 2414 | AG42: =SUM(B42:AF42) -> 135490.36
A43: 62 | B43: 2049 | D43: 1378 | H43: 195 | I43: 4851 | J43: 547 | K43: 835.4 | M43: 1528.6 | AG43: =SUM(B43:AF43) -> 11384
A44: 64 | B44: 37283.39 | C44: 46202.6 | D44: 69968.39 | E44: 24422.9 | F44: 32144.8 | G44: 4372 | H44: 6305.5 | I44: 36414.6 | J44: 62982 | K44: 49592.5 | L44: 44625.8 | M44: 24236.1 | AG44: =SUM(B44:AF44) -> 438550.58
A45: 65 | B45: 18776 | C45: 27697.8 | D45: 14742.6 | E45: 25148.6 | F45: 10464.8 | G45: 18067.6 | H45: 10436.2 | I45: 103968.48 | J45: 97125.9 | K45: 93222.07 | L45: 96107.7 | M45: 97713.4 | AG45: =SUM(B45:AF45) -> 613471.15
A46: 66 | B46: 20948.5 | C46: 12386.1 | D46: 26457.4 | E46: 13774 | F46: 11523.4 | G46: 1618 | H46: 3857.9 | I46: 36724.8 | J46: 48571.6 | K46: 71673.2 | L46: 51351.8 | M46: 45384.89 | AG46: =SUM(B46:AF46) -> 344271.59
A47: 67 | B47: 23801.7 | C47: 12545.9 | D47: 7331.9 | E47: 5110.6 | F47: 1063 | G47: 4674 | H47: 3483 | I47: 5921.5 | J47: 15238.2 | K47: 8504.6 | L47: 3276.8 | M47: 3136.3 | AG47: =SUM(B47:AF47) -> 94087.5
A48: 68 | B48: 30514.6 | C48: 19916 | D48: 9130.1 | E48: 14900 | F48: 23463.6 | G48: 1455 | H48: 2132 | I48: 29198.2 | J48: 24862 | K48: 38187.4 | L48: 40148 | M48: 38659.4 | AG48: =SUM(B48:AF48) -> 272566.3
A49: 69 | B49: 2482.9 | C49: 1531.6 | D49: 917 | E49: 10540 | F49: 481 | G49: 562 | I49: 31979 | J49: 523 | K49: 13600 | L49: 18081 | M49: 6939.9 | AG49: =SUM(B49:AF49) -> 87637.4
A50: 70 | B50: 68639.29 | C50: 66012.19 | D50: 40400.3 | E50: 31576.5 | F50: 27946.9 | G50: 433.6 | H50: 1428 | I50: 62137 | J50: 29827.8 | K50: 26250.2 | L50: 26895.9 | M50: 22393 | AG50: =SUM(B50:AF50) -> 403940.68
A51: 71 | B51: 52886.39 | C51: 73511.6 | D51: 50754.3 | E51: 29696.2 | F51: 67481.5 | G51: 8681 | H51: 1569 | I51: 92038.9 | J51: 58583.5 | K51: 86911.2 | L51: 71948.9 | M51: 78382.8 | AG51: =SUM(B51:AF51) -> 672445.29
A52: 72 | B52: 9824.3 | C52: 2415 | D52: 6850.6 | E52: 3482 | F52: 16086 | G52: 291 | H52: 1630 | I52: 127790.6 | J52: 23520 | K52: 29425 | L52: 50002 | M52: 20122 | AG52: =SUM(B52:AF52) -> 291438.5
A53: 73 | B53: 24801.2 | C53: 24584 | D53: 31730.6 | E53: 28962.2 | F53: 7830.2 | G53: 1819.2 | H53: 358 | I53: 46575.1 | J53: 21207 | K53: 37466.2 | L53: 37966.8 | M53: 6606.7 | AG53: =SUM(B53:AF53) -> 269907.2
A54: 74 | B54: 17726 | C54: 20050 | D54: 6380 | E54: 8104 | F54: 1947 | G54: 390 | H54: 601 | I54: 13187 | J54: 2630 | K54: 6687 | L54: 12670 | AG54: =SUM(B54:AF54) -> 90372
A55: 75 | B55: 21837.8 | C55: 13092.6 | D55: 15212.5 | E55: 8011.4 | F55: 7801 | G55: 7394 | H55: 4633.5 | I55: 70676.4 | J55: 123004.3 | K55: 77049.6 | L55: 74899.19 | M55: 44495.69 | AG55: =SUM(B55:AF55) -> 468107.98
A56: 76 | B56: 20800 | C56: 500 | F56: 1293 | J56: 1800 | K56: 404 | L56: 1854 | AG56: =SUM(B56:AF56) -> 26651
A57: 77 | B57: 27328.59 | C57: 13903 | D57: 6621.6 | E57: 24143 | F57: 8611.7 | G57: 2765 | H57: 1880 | I57: 24217 | J57: 48665.69 | K57: 44825.6 | L57: 22980 | M57: 15658 | AG57: =SUM(B57:AF57) -> 241599.18
A58: 78 | B58: 34274.28 | C58: 11829.7 | D58: 12530.7 | E58: 14620.3 | F58: 8991 | G58: 3482 | I58: 18759.7 | J58: 9760.39 | K58: 5633.89 | L58: 3768 | M58: 8391 | AG58: =SUM(B58:AF58) -> 132040.96
A59: 80 | B59: 119958.1 | C59: 82611.4 | D59: 66154.19 | E59: 104837.19 | F59: 105648.9 | G59: 19871.4 | H59: 27811.3 | I59: 117763.09 | J59: 94555.5 | K59: 156230.29 | L59: 188585.8 | M59: 155185.3 | AG59: =SUM(B59:AF59) -> 1239212.5
A60: 82 | B60: 48333.7 | C60: 1917 | D60: 281 | F60: 1408.4 | G60: 1000 | H60: 13391.1 | I60: 5070 | J60: 300 | K60: 16880 | L60: 7165 | M60: 413 | AG60: =SUM(B60:AF60) -> 96159.2
A61: 83 | I61: 439 | K61: 500 | AG61: =SUM(B61:AF61) -> 939
A62: 84 | B62: 994 | C62: 560 | D62: 731 | E62: 2963 | F62: 7479.8 | I62: 9375.3 | J62: 2894 | K62: 851 | L62: 1817 | M62: 819 | AG62: =SUM(B62:AF62) -> 28484.1
A63: 85 | B63: 3500 | C63: 6180.1 | D63: 835 | E63: 3209 | F63: 39336 | H63: 909.8 | J63: 31477.2 | K63: 16840 | L63: 2992 | M63: 6374 | AG63: =SUM(B63:AF63) -> 111653.1
A64: 86 | B64: 10570.59 | C64: 33038.6 | D64: 14507 | E64: 8937.8 | F64: 2834 | G64: 12552 | H64: 8875 | I64: 36071.5 | J64: 17727 | K64: 647182.4 | L64: 43172 | M64: 21260.5 | AG64: =SUM(B64:AF64) -> 856728.39
A65: 87 | B65: 3183.3 | C65: 17199 | D65: 691.1 | E65: 6201.6 | F65: 1195 | G65: 5265 | H65: 1657 | I65: 3559 | J65: 6912 | K65: 44465 | L65: 184 | M65: 24138 | AG65: =SUM(B65:AF65) -> 114650
A66: 88 | C66: 4543 | AG66: =SUM(B66:AF66) -> 4543
A67: 89 | B67: 62055.5 | C67: 38538.19 | D67: 45223.5 | E67: 39052.58 | F67: 37404.09 | G67: 19838.8 | H67: 6921.8 | I67: 97278.17 | J67: 91368.47 | K67: 130870.99 | L67: 100618.99 | M67: 65418.9 | AG67: =SUM(B67:AF67) -> 734589.98
A68: 90 | B68: 103134 | C68: 82223.9 | D68: 83741.1 | E68: 60804.8 | F68: 28681.3 | G68: 12666.3 | H68: 10350 | I68: 114051.9 | J68: 93380.2 | K68: 99153.9 | L68: 120905.4 | M68: 73504.69 | AG68: =SUM(B68:AF68) -> 882597.49
A69: 91 | B69: 142050.49 | C69: 275044.4 | D69: 192497.2 | E69: 179699.2 | F69: 117170.8 | G69: 62426 | H69: 20595.5 | I69: 888313.2 | J69: 530823.79 | K69: 336082.58 | L69: 405545.4 | M69: 244385.2 | AG69: =SUM(B69:AF69) -> 3394633.8
A70: 92 | B70: 73405.2 | C70: 224717.5 | D70: 417518.39 | E70: 244791.8 | F70: 103744.1 | G70: 6235.7 | H70: 10038 | I70: 109807.1 | J70: 241771.7 | K70: 136724.39 | L70: 198597.1 | M70: 127925.5 | AG70: =SUM(B70:AF70) -> 1895276.5
A71: 93 | B71: 71444.2 | C71: 57570.3 | D71: 55744 | E71: 27772.2 | F71: 19971 | G71: 13894 | H71: 14689 | I71: 47596.39 | J71: 70414 | K71: 155097.99 | L71: 138481.39 | M71: 114932.29 | AG71: =SUM(B71:AF71) -> 787606.76
A72: 94 | B72: 110162.26 | C72: 57868.79 | D72: 66785.48 | E72: 144898.8 | F72: 24788.8 | G72: 17806.3 | H72: 17285 | I72: 65599.47 | J72: 50365.1 | K72: 161178.39 | L72: 87696.6 | M72: 98045.8 | AG72: =SUM(B72:AF72) -> 902480.79
A73: 95 | B73: 102164.09 | C73: 72589.5 | D73: 89225.7 | E73: 70223.8 | F73: 39965.1 | G73: 27369.5 | H73: 21279.1 | I73: 101376 | J73: 122831.9 | K73: 99402.7 | L73: 82871.19 | M73: 82095.7 | AG73: =SUM(B73:AF73) -> 911394.28
A74: 96 | B74: 82166.1 | C74: 81995.2 | D74: 50597.6 | E74: 124789.16 | F74: 135971.29 | G74: 75919.6 | H74: 69568.2 | I74: 219373.06 | J74: 308613.69 | K74: 255261.98 | L74: 253286.7 | M74: 76717.5 | AG74: =SUM(B74:AF74) -> 1734260.1
A75: 97 | B75: 193828.8 | C75: 141461.8 | D75: 90213.6 | E75: 84182.8 | F75: 79470.9 | G75: 33245.7 | H75: 9685 | I75: 111377.5 | J75: 123755.4 | K75: 185184.9 | L75: 229871.2 | M75: 204340 | AG75: =SUM(B75:AF75) -> 1486617.6
A76: 98 | B76: 51713.8 | C76: 194606.89 | D76: 42641.7 | E76: 55307.6 | F76: 25164.5 | G76: 14949 | H76: 9849.9 | I76: 70443.1 | J76: 53094.2 | K76: 66156.4 | L76: 484414.4 | M76: 64470.5 | AG76: =SUM(B76:AF76) -> 1132812
A77: 99 | B77: 87101.4 | C77: 70479.5 | D77: 53681.7 | E77: 36837.9 | F77: 31452 | G77: 10044 | H77: 4742.6 | I77: 48126.89 | J77: 35964 | K77: 51958.1 | L77: 76036.7 | M77: 45664 | AG77: =SUM(B77:AF77) -> 552088.79
A78: 101 | B78: 1861.8 | C78: 314 | F78: 852.4 | K78: 457 | AG78: =SUM(B78:AF78) -> 3485.2
A79: 103 | B79: 4939.2 | C79: 2313.8 | D79: 3268.1 | E79: 1186.4 | F79: 1019 | G79: 320 | H79: 1306.5 | I79: 3132 | J79: 1013 | K79: 495 | L79: 67259 | M79: 200 | AG79: =SUM(B79:AF79) -> 86452
A80: 104 | E80: 177 | K80: 734 | AG80: =SUM(B80:AF80) -> 911
A81: 105 | B81: 4483 | C81: 5935 | D81: 1090 | E81: 402.5 | F81: 8519.39 | H81: 129 | I81: 1924 | J81: 2353 | K81: 8422.3 | L81: 5520 | AG81: =SUM(B81:AF81) -> 38778.19
A82: 106 | B82: 630 | I82: 114 | L82: 1250 | AG82: =SUM(B82:AF82) -> 1994
A83: 107 | F83: 229 | AG83: =SUM(B83:AF83) -> 229
A84: 108 | B84: 1330 | E84: 202 | K84: 400 | M84: 2627 | AG84: =SUM(B84:AF84) -> 4559
AG85: =SUM(B85:AF85) -> 0
AG86: =SUM(B86:AF86) -> 0
AG87: =SUM(B87:AF87) -> 0
AG88: =SUM(B88:AF88) -> 0
A89: Total général | B89: =SUM(B3:B87) -> 3095751.5 | C89: =SUM(C3:C87) -> 2859805.9 | D89: =SUM(D3:D87) -> 2442409.7 | E89: =SUM(E3:E87) -> 2278166.4 | F89: =SUM(F3:F87) -> 1880234.8 | G89: =SUM(G3:G87) -> 750695.5 | H89: =SUM(H3:H87) -> 494823.5 | I89: =SUM(I3:I87) -> 4087724.5 | ... AF89: =SUM(AF3:AF87) -> 0 | AG89: =SUM(B89:AF89) -> 34478313
I92: ENCAISSEMENTS AU 12/12/2025

Sheet BASE 
A1: DEP | B1: EXP | C1: 46113 | D1: 46114 | E1: 46115 | F1: 46116 | G1: 46117 | H1: 46118 | I1: 46119 | J1: 46120 | K1: 46121 | L1: 46122 | M1: 46123 | N1: 46124 | O1: 46125 | P1: 46126 | Q1: 46127 | R1: 46128 | S1: 46129 | T1: 46130 | U1: 46131 | V1: 46132 | W1: 46133 | X1: 46134 | Y1: 46135 | Z1: 46136 | AA1: 46137 | AB1: 46138 | AC1: 46139 | AD1: 46140 | AE1: 46141 | AF1: 46142 | AH1: Total EXP
A2: NKTT | B2: 14 | C2: 2035 | D2: 5075 | H2: 250 | I2: 1170 | K2: 5084 | AH2: =SUM(C2:AG2) -> 13614
A3: NKTT | B3: 15 | C3: 500 | E3: 274 | H3: 3000 | L3: 2035 | M3: 1500 | AH3: =SUM(C3:AG3) -> 7309
A4: NKTT | B4: 16 | C4: 214 | D4: 671 | E4: 3033.4 | F4: 2656 | I4: 1000 | J4: 1447.6 | K4: 5909.3 | AH4: =SUM(C4:AG4) -> 14931.3
A5: NKTT | B5: 17 | C5: 1554 | D5: 576 | E5: 4155.5 | F5: 1121.9 | G5: 1252 | H5: 473 | I5: 2892 | J5: 1427 | K5: 1765.5 | L5: 2561 | M5: 627 | N5: 456 | AH5: =SUM(C5:AG5) -> 18860.9
A6: NKTT | B6: 18 | C6: 101 | E6: 22 | G6: 329 | L6: 644 | M6: 40 | N6: 610 | AH6: =SUM(C6:AG6) -> 1746
A7: NKTT | B7: 19 | H7: 500 | I7: 3211 | J7: 1690 | M7: 125 | AH7: =SUM(C7:AG7) -> 5526
A8: NKTT | B8: 20 | I8: 485.2 | J8: 123 | AH8: =SUM(C8:AG8) -> 608.2
A9: NKTT | B9: 21 | F9: 1393 | J9: 100 | AH9: =SUM(C9:AG9) -> 1493
A10: NKTT | B10: 23 | C10: 19264 | D10: 25785.4 | E10: 6761 | F10: 5064 | G10: 4831.4 | H10: 20071 | I10: 12227 | J10: 14294.1 | K10: 16926 | L10: 6308 | M10: 13725.4 | N10: 31386 | AH10: =SUM(C10:AG10) -> 176643.3
A11: NKTT | B11: 24 | D11: 415 | H11: 4800 | M11: 6844.4 | AH11: =SUM(C11:AG11) -> 12059.4
A12: NKTT | B12: 25 | C12: 1554.4 | D12: 4394.59 | E12: 5879.29 | F12: 1083 | G12: 1580 | H12: 933 | I12: 6909.79 | J12: 545 | K12: 3373.1 | L12: 1434 | M12: 23390 | N12: 250 | AH12: =SUM(C12:AG12) -> 51326.17
A13: NKTT | B13: 26 | C13: 638.7 | G13: 1800 | H13: 182 | I13: 400 | AH13: =SUM(C13:AG13) -> 3020.7
A14: NKTT | B14: 27 | I14: 870 | J14: 1123 | K14: 2581 | AH14: =SUM(C14:AG14) -> 4574
A15: NKTT | B15: 28 | C15: 895 | H15: 2542 | I15: 1749.9 | J15: 1813 | M15: 822 | AH15: =SUM(C15:AG15) -> 7821.9
A16: NKTT | B16: 29 | C16: 64727.7 | D16: 29630 | E16: 17006.2 | F16: 1040 | G16: 2005 | H16: 15975 | I16: 570 | J16: 2866 | K16: 3357 | L16: 700 | M16: 542 | AH16: =SUM(C16:AG16) -> 138418.9
A17: NKTT | B17: 30 | C17: 300 | J17: 357 | M17: 465 | N17: 859 | AH17: =SUM(C17:AG17) -> 1981
A18: NKTT | B18: 31 | D18: 106 | E18: 844 | I18: 2563 | AH18: =SUM(C18:AG18) -> 3513
A19: NKTT | B19: 32 | C19: 2014 | D19: 1639 | F19: 692 | G19: 1772.9 | I19: 1013.8 | K19: 550 | L19: 234 | M19: 270 | N19: 600 | AH19: =SUM(C19:AG19) -> 8785.7
A20: NKTT | B20: 33 | C20: 500 | D20: 4783.3 | E20: 800 | F20: 1030 | H20: 555 | I20: 737 | J20: 5215 | L20: 1192 | M20: 543 | AH20: =SUM(C20:AG20) -> 15355.3
A21: NKTT | B21: 34 | C21: 1280 | D21: 7298 | E21: 222 | F21: 200 | G21: 230 | H21: 15610 | I21: 10221.7 | J21: 5886 | K21: 5890 | L21: 3500 | M21: 146 | N21: 20170 | AH21: =SUM(C21:AG21) -> 70653.7
A22: NKTT | B22: 35 | C22: 22178 | D22: 14367 | E22: 14330 | F22: 14929 | H22: 15595 | I22: 6240.5 | J22: 1880 | L22: 6950 | M22: 2033 | N22: 800 | AH22: =SUM(C22:AG22) -> 99302.5
A23: NKTT | B23: 36 | C23: 108 | E23: 2534 | F23: 191 | G23: 3734 | H23: 1986 | I23: 1538.2 | J23: 1817 | K23: 1149.1 | L23: 2099 | M23: 1791 | N23: 1804.1 | AH23: =SUM(C23:AG23) -> 18751.4
A24: NKTT | B24: 37 | C24: 7100 | D24: 5880 | E24: 500 | F24: 3300 | H24: 21314 | I24: 19159 | J24: 12238 | K24: 17090 | L24: 5700 | M24: 2815 | AH24: =SUM(C24:AG24) -> 95096
A25: NKTT | B25: 39 | C25: 36932 | D25: 37991.6 | E25: 4445.5 | F25: 11287 | H25: 24889 | I25: 36008 | J25: 32117.7 | K25: 24612.6 | L25: 25073.4 | M25: 23450 | N25: 5475 | AH25: =SUM(C25:AG25) -> 262281.8
A26: NKTT | B26: 40 | C26: 37481.6 | D26: 39042 | E26: 30402.6 | F26: 15180.4 | G26: 16721.6 | H26: 82394.3 | I26: 71350.17 | J26: 81210.19 | K26: 99438.1 | L26: 43533.1 | M26: 29107 | N26: 26571.8 | AH26: =SUM(C26:AG26) -> 572432.86
A27: NKTT | B27: 41 | C27: 104814.9 | D27: 54877 | E27: 41779.7 | F27: 48396 | G27: 5640.2 | H27: 91234.2 | I27: 307198.49 | J27: 129172.1 | K27: 105568.8 | L27: 76647.5 | M27: 63910.3 | N27: 20588.4 | AH27: =SUM(C27:AG27) -> 1049827.6
A28: NDB | B28: 42 | C28: 33038.5 | D28: 23759.1 | E28: 29204.2 | F28: 19281.6 | G28: 9317.9 | H28: 68855.3 | I28: 93989.5 | J28: 64963.8 | K28: 83322.3 | L28: 70768.8 | M28: 30157.7 | N28: 9421.7 | AH28: =SUM(C28:AG28) -> 536080.4
A29: NDB | B29: 43 | C29: 223702.9 | D29: 195744.7 | E29: 189971.5 | F29: 19704 | G29: 12824.9 | H29: 193188.1 | I29: 115971.9 | J29: 100794.8 | K29: 76808.4 | L29: 134843 | M29: 72053.3 | N29: 61894.2 | AH29: =SUM(C29:AG29) -> 1397501.7
A30: NDB | B30: 44 | C30: 35630.5 | D30: 41046.4 | E30: 42609.5 | F30: 12300 | G30: 11525 | H30: 63611.9 | I30: 39809.4 | J30: 60996.7 | K30: 48801.2 | L30: 33169.4 | M30: 20494.7 | N30: 14047.6 | AH30: =SUM(C30:AG30) -> 424042.3
A31: NDB | B31: 45 | C31: 47754.4 | D31: 59191 | E31: 38328.4 | F31: 13748.6 | G31: 8990 | H31: 60551.1 | I31: 26087.2 | J31: 55069.8 | K31: 61307.59 | L31: 24383 | M31: 25310 | N31: 9901.9 | AH31: =SUM(C31:AG31) -> 430622.99
A32: INT | B32: 46 | C32: 33343.5 | D32: 42884.6 | E32: 25954.2 | F32: 11617 | G32: 3734 | H32: 41577.9 | I32: 34371.1 | J32: 19437.79 | K32: 59476.9 | L32: 16146 | M32: 30146.9 | N32: 16839.9 | AH32: =SUM(C32:AG32) -> 335529.79
A33: INT | B33: 47 | C33: 38263.5 | D33: 55232.4 | E33: 34366.6 | F33: 22520.3 | G33: 15047.9 | H33: 89654.1 | I33: 82149.09 | J33: 132870.7 | K33: 127741.4 | L33: 86357 | M33: 74239.1 | N33: 31523.5 | AH33: =SUM(C33:AG33) -> 789965.59
A34: INT | B34: 48 | C34: 31629.6 | D34: 68799.5 | E34: 20638.8 | F34: 7886.4 | G34: 7443 | H34: 48492.9 | I34: 63471.5 | J34: 43246.6 | K34: 62849.9 | L34: 49405.4 | M34: 47532.1 | N34: 17021.8 | AH34: =SUM(C34:AG34) -> 468417.5
A35: INT | B35: 49 | C35: 26061.3 | D35: 38423 | E35: 33208.1 | F35: 9631 | G35: 5030 | H35: 59559.4 | I35: 50697.8 | J35: 20327.2 | K35: 89586.7 | L35: 42330.1 | M35: 33472.3 | N35: 11670.2 | AH35: =SUM(C35:AG35) -> 419997.1
A36: INT | B36: 50 | C36: 24765.5 | D36: 21085.3 | E36: 12094 | F36: 6249 | G36: 3198 | H36: 36252 | I36: 23054.6 | J36: 32378.2 | K36: 36060.99 | L36: 33766.5 | M36: 38611 | N36: 4921 | AH36: =SUM(C36:AG36) -> 272436.09
A37: INT | B37: 51 | C37: 25671.69 | D37: 25073 | E37: 7345 | F37: 4328 | G37: 2571.9 | H37: 42520 | I37: 32544.8 | J37: 51656.8 | K37: 32973.4 | L37: 22212.3 | M37: 14141.3 | N37: 7555.4 | AH37: =SUM(C37:AG37) -> 268593.59
... A42: INT | B42: 61 | C42: 15797.2 | D42: 15790 | E42: 2836.8 | F42: 896 | G42: 1332 | H42: 6375 | I42: 15854.5 | J42: 9602 | K42: 29781 | L42: 2962 | M42: 2398.5 | N42: 2446 | AH42: =SUM(C42:AG42) -> 106071
A43: INT | B43: 62 | C43: 2810 | D43: 739.3 | E43: 13232 | G43: 950 | H43: 2000 | I43: 1852.5 | J43: 770 | K43: 200 | L43: 1352 | M43: 603 | AH43: =SUM(C43:AG43) -> 24508.8
A44: INT | B44: 64 | C44: 31508.2 | D44: 59670 | E44: 23838.9 | F44: 19188 | G44: 5886.5 | H44: 41240 | I44: 57927.49 | J44: 32486.5 | K44: 124329 | L44: 6617 | M44: 2935.3 | N44: 3394.8 | AH44: =SUM(C44:AG44) -> 409021.69
A45: INT | B45: 65 | C45: 51477.2 | D45: 55659 | E45: 8230 | F45: 3034 | G45: 526 | H45: 25179.7 | I45: 102425.07 | J45: 36441.9 | K45: 75168.5 | L45: 24577.3 | M45: 23955.6 | N45: 9532.2 | AH45: =SUM(C45:AG45) -> 416206.47
A46: INT | B46: 66 | C46: 21187 | D46: 18058 | E46: 16850 | F46: 1622.6 | G46: 3858 | H46: 38642 | I46: 38444.2 | J46: 32716.2 | K46: 39856 | L46: 20843.5 | M46: 8289 | N46: 3088 | AH46: =SUM(C46:AG46) -> 243454.5
A47: INT | B47: 67 | C47: 35579.3 | D47: 23930.6 | E47: 10139.4 | F47: 5677 | G47: 3210 | H47: 33806.3 | I47: 18068.09 | J47: 11360.5 | K47: 14173.8 | L47: 6396 | M47: 50463.3 | N47: 1041 | AH47: =SUM(C47:AG47) -> 213845.29
A48: INT | B48: 68 | C48: 9767 | D48: 15080 | E48: 12746 | F48: 4370 | G48: 1257 | H48: 21402 | I48: 9658.89 | J48: 14252 | K48: 7942.8 | L48: 19568.7 | M48: 38271 | N48: 10810.6 | AH48: =SUM(C48:AG48) -> 165125.99
A49: INT | B49: 69 | C49: 1971 | D49: 1094 | E49: 4170.8 | F49: 956.1 | G49: 574 | H49: 28084 | I49: 15386.8 | J49: 2082 | K49: 2533 | L49: 2286 | M49: 13030.8 | N49: 355 | AH49: =SUM(C49:AG49) -> 72523.5
A50: INT | B50: 70 | C50: 34612.8 | D50: 48842.29 | E50: 28299 | F50: 1067 | G50: 1488 | H50: 18621.8 | I50: 24322.7 | J50: 21833 | K50: 17239.1 | L50: 21550 | M50: 14191.1 | N50: 9819.4 | AH50: =SUM(C50:AG50) -> 241886.19
A51: INT | B51: 71 | C51: 103536.3 | D51: 43330.5 | E51: 21020.6 | F51: 6542 | G51: 2032 | H51: 59743.2 | I51: 56446.4 | J51: 22237 | K51: 26032 | L51: 28077.5 | M51: 53370 | N51: 20352.9 | AH51: =SUM(C51:AG51) -> 442720.4
A52: INT | B52: 72 | C52: 25209.3 | D52: 36065 | E52: 18295 | F52: 7927.2 | G52: 846 | H52: 58903 | I52: 58846 | J52: 13822 | K52: 38140.2 | L52: 19728 | M52: 7102 | N52: 8017 | AH52: =SUM(C52:AG52) -> 292900.7
A53: INT | B53: 73 | C53: 28459.3 | D53: 13863.9 | E53: 13133.1 | F53: 12890 | G53: 1092 | H53: 35183.4 | I53: 57058.7 | J53: 27707 | K53: 35011.2 | L53: 44788 | M53: 7819 | N53: 4218 | AH53: =SUM(C53:AG53) -> 281223.6
A54: INT | B54: 74 | C54: 13665 | D54: 6930 | E54: 3914 | F54: 125 | G54: 1604 | H54: 5672 | I54: 6386.7 | J54: 2256 | K54: 17072 | L54: 2480 | M54: 510 | N54: 723 | AH54: =SUM(C54:AG54) -> 61337.7
A55: INT | B55: 75 | C55: 31385 | D55: 19939 | E55: 7307.3 | F55: 3285 | G55: 10173 | H55: 95483 | I55: 74918.19 | J55: 98196.48 | K55: 82132.39 | L55: 57576.5 | M55: 34320.2 | N55: 15636.8 | AH55: =SUM(C55:AG55) -> 530352.86
A56: INT | B56: 76 | C56: 1539.9 | F56: 988 | G56: 1499 | I56: 1526.4 | J56: 375 | M56: 368 | AH56: =SUM(C56:AG56) -> 6296.3
A57: INT | B57: 77 | C57: 24844 | D57: 7497 | E57: 6706 | F57: 3443 | G57: 1649 | H57: 23053.6 | I57: 20697.3 | J57: 17715 | K57: 29347.1 | L57: 13897.5 | M57: 11685.2 | N57: 9299 | AH57: =SUM(C57:AG57) -> 169833.7
A58: INT | B58: 78 | C58: 9996.6 | D58: 7417.49 | E58: 10438.1 | F58: 1357 | G58: 687 | H58: 12655.2 | I58: 12263.88 | J58: 5063.8 | K58: 5426 | L58: 6097.9 | M58: 3157 | N58: 2285 | AH58: =SUM(C58:AG58) -> 76844.97
A59: INT | B59: 79 | D59: 10 | AH59: =SUM(C59:AG59) -> 10
A60: INT | B60: 80 | C60: 64232.9 | D60: 195378.5 | E60: 54235.7 | F60: 24962 | G60: 14612 | H60: 110094.1 | I60: 133884.8 | J60: 80470.49 | K60: 106621.4 | L60: 56239.8 | M60: 45346.9 | N60: 34773.2 | AH60: =SUM(C60:AG60) -> 920851.79
A61: INT | B61: 81 | D61: 50 | F61: 554 | I61: 397 | K61: 420 | AH61: =SUM(C61:AG61) -> 1421
A62: INT | B62: 82 | D62: 117 | E62: 27169.8 | G62: 274 | I62: 642.7 | K62: 309 | AH62: =SUM(C62:AG62) -> 28512.5
A63: INT | B63: 83 | H63: 149 | J63: 1343 | AH63: =SUM(C63:AG63) -> 1492
A64: INT | B64: 84 | C64: 4000 | D64: 6570 | E64: 826 | G64: 348 | H64: 2532 | I64: 1000 | J64: 8868 | K64: 103643 | L64: 50741 | M64: 5673 | N64: 1000 | AH64: =SUM(C64:AG64) -> 185201
A65: INT | B65: 85 | C65: 11990 | D65: 1172 | G65: 700 | H65: 48627 | I65: 22466.8 | J65: 30918 | K65: 39522 | M65: 3101 | N65: 2998 | AH65: =SUM(C65:AG65) -> 161494.8
A66: INT | B66: 86 | C66: 102113.6 | D66: 21333.9 | E66: 8948 | F66: 6688.7 | G66: 1332 | H66: 191590 | I66: 78940.3 | J66: 43830.7 | K66: 84368 | L66: 21257 | M66: 12070.9 | N66: 10660 | AH66: =SUM(C66:AG66) -> 583133.1
A67: INT | B67: 87 | C67: 5284.6 | D67: 939 | E67: 2095 | F67: 192 | G67: 4423 | H67: 3979 | I67: 5295.7 | J67: 6214 | K67: 4738.3 | M67: 132 | AH67: =SUM(C67:AG67) -> 33292.6
A68: INT | B68: 89 | C68: 50970.69 | D68: 50636.79 | E68: 53602.48 | F68: 27617 | G68: 17226 | H68: 93837.201 | I68: 138398.21 | J68: 103768.79 | K68: 77130.2 | L68: 67650.4 | M68: 52458.1 | N68: 7502.7 | AH68: =SUM(C68:AG68) -> 740798.56
A69: INT | B69: 90 | C69: 49985.1 | D69: 70809.29 | E69: 52658.5 | F69: 30454.6 | G69: 23791 | H69: 59149.7 | I69: 73069.3 | J69: 69290.4 | K69: 82283.99 | L69: 43006.4 | M69: 30676 | N69: 24887.1 | AH69: =SUM(C69:AG69) -> 610061.38
A70: INT | B70: 91 | C70: 97682.7 | D70: 167623 | E70: 142087.5 | F70: 70766.3 | G70: 59144.6 | H70: 249110.5 | I70: 328378.68 | J70: 250763.7 | K70: 611543.29 | L70: 225763.6 | M70: 208072.2 | N70: 63533.5 | AH70: =SUM(C70:AG70) -> 2474469.6
A71: INT | B71: 92 | C71: 21716.5 | D71: 62030.29 | E71: 69541 | F71: 7100.6 | G71: 5258 | H71: 117666.7 | I71: 170328.5 | J71: 146397.6 | K71: 82645.1 | L71: 115687.2 | M71: 73082.8 | N71: 42569.6 | AH71: =SUM(C71:AG71) -> 914023.89
A72: INT | B72: 93 | C72: 33379.8 | D72: 47561.4 | E72: 45597.7 | F72: 14047 | G72: 3919 | H72: 47081 | I72: 40052.69 | J72: 27107.3 | K72: 111706.4 | L72: 74141.2 | M72: 55133.3 | N72: 19175 | AH72: =SUM(C72:AG72) -> 518901.79
A73: INT | B73: 94 | C73: 50000.5 | D73: 92426.9 | E73: 38812.5 | F73: 9431.5 | G73: 9765 | H73: 36828 | I73: 62620.99 | J73: 85617.7 | K73: 56028.2 | L73: 57364.5 | M73: 43804.7 | N73: 14037.7 | AH73: =SUM(C73:AG73) -> 556738.19
A74: INT | B74: 95 | C74: 69967 | D74: 37150.7 | E74: 68210.7 | F74: 15185 | G74: 12101.1 | H74: 74019 | I74: 86946.4 | J74: 163805.3 | K74: 188247.4 | L74: 110763 | M74: 126387 | N74: 29782 | AH74: =SUM(C74:AG74) -> 982564.6
A75: INT | B75: 96 | C75: 51194.5 | D75: 251999.3 | E75: 86105.3 | F75: 23056.2 | G75: 28872.9 | H75: 104332.5 | I75: 136851.47 | J75: 238907 | K75: 237488.2 | L75: 139894.1 | M75: 91544 | N75: 69990.4 | AH75: =SUM(C75:AG75) -> 1460235.9
A76: INT | B76: 97 | C76: 213352.49 | D76: 144000.49 | E76: 96846 | F76: 25327 | G76: 23303 | H76: 175532.3 | I76: 188392.3 | J76: 143769.99 | K76: 140668.8 | L76: 142203.7 | M76: 229788.5 | N76: 98055.9 | AH76: =SUM(C76:AG76) -> 1621240.5
A77: INT | B77: 98 | C77: 40893.49 | D77: 47877.9 | E77: 46145.1 | F77: 4453 | G77: 8260 | H77: 77570.5 | I77: 65980.7 | J77: 94588.02 | K77: 41873.4 | L77: 31757.6 | M77: 20558.2 | N77: 14966.1 | AH77: =SUM(C77:AG77) -> 494924.01
A78: INT | B78: 99 | C78: 48303.7 | D78: 39131.8 | E78: 50895.9 | F78: 7823.1 | G78: 7327 | H78: 51548 | I78: 40064.4 | J78: 59349.69 | K78: 51249.9 | L78: 119668 | M78: 22786.2 | N78: 14191.2 | AH78: =SUM(C78:AG78) -> 512338.89
A79: INT | B79: 101 | D79: 6927 | I79: 200 | K79: 756 | M79: 746 | AH79: =SUM(C79:AG79) -> 8629
A80: INT | B80: 103 | C80: 4716 | D80: 3429 | E80: 4546 | F80: 441 | G80: 1080 | H80: 3153 | I80: 4250 | J80: 2465 | K80: 5240 | L80: 4422.3 | M80: 1352 | N80: 6939 | AH80: =SUM(C80:AG80) -> 42033.3
A81: INT | B81: 104 | C81: 2303 | D81: 1903 | E81: 2546 | F81: 350 | I81: 320 | L81: 4309 | AH81: =SUM(C81:AG81) -> 11731
A82: INT | B82: 105 | C82: 15176.1 | D82: 6753.5 | E82: 1394.7 | F82: 289 | H82: 500 | I82: 800 | J82: 2843.5 | K82: 1009.9 | L82: 725 | M82: 241 | N82: 1950 | AH82: =SUM(C82:AG82) -> 31682.7
A83: INT | B83: 106 | F83: 902 | J83: 290 | AH83: =SUM(C83:AG83) -> 1192
A84: INT | B84: 107 | E84: 190 | H84: 793 | AH84: =SUM(C84:AG84) -> 983
A85: INT | B85: 108 | C85: 187 | E85: 400 | L85: 600 | AH85: =SUM(C85:AG85) -> 1187
A86: INT | AH86: =SUM(C86:AG86) -> 0
A87: INT | AH87: =SUM(C87:AG87) -> 0
A88: Total SNDE | B88: Total général | C88: =SUM(C2:C87) -> 2555244 | D88: =SUM(D2:D87) -> 2817686.1 | E88: =SUM(E2:E87) -> 1872276.4 | F88: =SUM(F2:F87) -> 613207.9 | G88: =SUM(G2:G87) -> 407021.8 | H88: =SUM(H2:H87) -> 3485588.2 | I88: =SUM(I2:I87) -> 3550223.9 | J88: =SUM(J2:J87) -> 3174921.8 | ... AH88: =SUM(AH2:AH87) -> 28664857
P92: ENCAISSEMENTS AU 12/04/2026

Sheet SNDE
A1: SNDE
A2: DG
A3: SUIVI OBJECTIFS EN ENCAISSEMENTS GLOBAUX
A4: ZONE NKTT NORD
A5: EXP | B5: CENTRE | C5: OBJECTIF JDC | D5: ='BASE '!P92 -> ENCAISSEMENTS AU 12/04/2026 | E5: ECART DU MOIS | F5: %
A6: 86 | B6: WAD NAGA | C6: 1561340 | D6: =VLOOKUP(A6,'BASE '!$B$2:$AH$87,33,FALSE) -> 583133.1 | E6: =D6-C6 -> -978206.9 | F6: =D6/C6 -> 0.37348246
A7: 96 | B7: KSAR | C7: 4400000 | D7: =VLOOKUP(A7,'BASE '!$B$2:$AH$87,33,FALSE) -> 1460235.9 | E7: =D7-C7 -> -2939764.1 | F7: =D7/C7 -> 0.33187179
A8: 41 | B8: TEYARETT 2 | C8: 2530000 | D8: =VLOOKUP(A8,'BASE '!$B$2:$AH$87,33,FALSE) -> 1049827.6 | E8: =D8-C8 -> -1480172.4 | F8: =D8/C8 -> 0.41495162
A9: 52 | B9: MELLAH 3 | C9: 1810468 | D9: =VLOOKUP(A9,'BASE '!$B$2:$AH$87,33,FALSE) -> 447698.69 | E9: =D9-C9 -> -1362769.3 | F9: =D9/C9 -> 0.2472834
A10: 44 | B10: DAR NAIM-NORD | C10: 1650000 | D10: =VLOOKUP(A10,'BASE '!$B$2:$AH$87,33,FALSE) -> 424042.3 | E10: =D10-C10 -> -1225957.7 | F10: =D10/C10 -> 0.25699533
A11: 48 | B11: DAR NAIM-SUD 2 | C11: 2527668 | D11: =VLOOKUP(A11,'BASE '!$B$2:$AH$87,33,FALSE) -> 468417.5 | E11: =D11-C11 -> -2059250.5 | F11: =D11/C11 -> 0.18531607
A12: 47 | B12: TEYARETT 1 | C12: 2530000 | D12: =VLOOKUP(A12,'BASE '!$B$2:$AH$87,33,FALSE) -> 789965.59 | E12: =D12-C12 -> -1740034.4 | F12: =D12/C12 -> 0.31223936
A13: 99 | B13: DAR NAIM-SUD 1 | C13: 2389332 | D13: =VLOOKUP(A13,'BASE '!$B$2:$AH$87,33,FALSE) -> 512338.89 | E13: =D13-C13 -> -1876993.1 | F13: =D13/C13 -> 0.21442767
A14: 98 | B14: TOUJOUNINE | C14: 3300000 | D14: =VLOOKUP(A14,'BASE '!$B$2:$AH$87,33,FALSE) -> 494924.01 | E14: =D14-C14 -> -2805076 | F14: =D14/C14 -> 0.14997697
A15: TOTAL ZONE NKTT NORD | C15: =SUM(C6:C14) -> 22698808 | D15: =SUM(D6:D14) -> 6230583.5 | E15: =SUM(E6:E14) -> -16468224 | F15: =D15/C15 -> 0.27448946
A17: ENCAISSEMENTS GLOBAUX
A18: ZONE NKTT SUD
A19: EXP | B19: CENTRE | C19: OBJECTIF DC | D19: ='BASE '!P92 -> ENCAISSEMENTS AU 12/04/2026 | E19: ECART DU MOIS | F19: %
A20: 95 | B20: CARREFOUR | C20: 2566080 | D20: =VLOOKUP(A20,'BASE '!$B$2:$AH$87,33,FALSE) -> 982564.6 | E20: =D20-C20 -> -1583515.4 | F20: =D20/C20 -> 0.3829049
A21: 89 | B21: RIYAD | C21: 2403878.4 | D21: =VLOOKUP(A21,'BASE '!$B$2:$AH$87,33,FALSE) -> 740798.56 | E21: =D21-C21 -> -1663079.8 | F21: =D21/C21 -> 0.30816807
A22: 53 | B22: RIYADH 2 | C22: 1946670 | D22: =VLOOKUP(A22,'BASE '!$B$2:$AH$87,33,FALSE) -> 523973.89 | E22: =D22-C22 -> -1422696.1 | F22: =D22/C22 -> 0.26916421
A23: 50 | B23: TARHIL 2 | C23: 1140282 | D23: =VLOOKUP(A23,'BASE '!$B$2:$AH$87,33,FALSE) -> 272436.09 | E23: =D23-C23 -> -867845.91 | F23: =D23/C23 -> 0.23891993
A24: 42 | B24: CARREFOUR 2 | C24: 2325840 | D24: =VLOOKUP(A24,'BASE '!$B$2:$AH$87,33,FALSE) -> 536080.4 | E24: =D24-C24 -> -1789759.6 | F24: =D24/C24 -> 0.23048894
A25: 51 | B25: TARHIL 3 | C25: 1182654 | D25: =VLOOKUP(A25,'BASE '!$B$2:$AH$87,33,FALSE) -> 268593.59 | E25: =D25-C25 -> -914060.41 | F25: =D25/C25 -> 0.22711088
A26: 49 | B26: TARHIL 1 | C26: 1905090 | D26: =VLOOKUP(A26,'BASE '!$B$2:$AH$87,33,FALSE) -> 419997.1 | E26: =D26-C26 -> -1485092.9 | F26: =D26/C26 -> 0.2204605
A27: 90 | B27: ARAFAT | C27: 3300000 | D27: =VLOOKUP(A27,'BASE '!$B$2:$AH$87,33,FALSE) -> 610061.38 | E27: =D27-C27 -> -2689938.6 | F27: =D27/C27 -> 0.18486708
A28: 45 | B28: MELLAH 1 | C28: 2530000 | D28: =VLOOKUP(A28,'BASE '!$B$2:$AH$87,33,FALSE) -> 430622.99 | E28: =D28-C28 -> -2099377 | F28: =D28/C28 -> 0.17020672
A29: 46 | B29: MELLAH 2 | C29: 2038168 | D29: =VLOOKUP(A29,'BASE '!$B$2:$AH$87,33,FALSE) -> 335529.79 | E29: =D29-C29 -> -1702638.2 | F29: =D29/C29 -> 0.16462323
A30: 94 | B30: EL MINA | C30: 6136680 | D30: =VLOOKUP(A30,'BASE '!$B$2:$AH$87,33,FALSE) -> 556738.19 | E30: =D30-C30 -> -5579941.8 | F30: =D30/C30 -> 0.090723028
A31: TOTAL ZONE NKTT SUD | C31: =SUM(C20:C30) -> 27475342 | D31: =SUM(D20:D30) -> 5677396.6 | E31: =SUM(E20:E30) -> -21797946 | F31: =D31/C31 -> 0.20663606
A33: ZONE NKTT OUEST
A34: EXP | B34: CENTRE | C34: OBJECTIF DC | D34: ='BASE '!P92 -> ENCAISSEMENTS AU 12/04/2026 | E34: ECART DU MOIS | F34: %
A35: 55 | B35: TVZ NORD 3 | C35: 4480630 | D35: =VLOOKUP(A35,'BASE '!$B$2:$AH$87,33,FALSE) -> 2145647.4 | E35: =D35-C35 -> -2334982.6 | F35: =D35/C35 -> 0.47887181
A36: 43 | B36: TVZ SUD | C36: 5518590 | D36: =VLOOKUP(A36,'BASE '!$B$2:$AH$87,33,FALSE) -> 1397501.7 | E36: =D36-C36 -> -4121088.3 | F36: =D36/C36 -> 0.25323528
A37: 97 | B37: TVZ NORD 2 | C37: 7154840 | D37: =VLOOKUP(A37,'BASE '!$B$2:$AH$87,33,FALSE) -> 1621240.5 | E37: =D37-C37 -> -5533599.5 | F37: =D37/C37 -> 0.22659353
A38: 93 | B38: SEBKHA | C38: 2402400 | D38: =VLOOKUP(A38,'BASE '!$B$2:$AH$87,33,FALSE) -> 518901.79 | E38: =D38-C38 -> -1883498.2 | F38: =D38/C38 -> 0.21599309
A39: 91 | B39: TVZ NORD 1 | C39: 8800000 | D39: =VLOOKUP(A39,'BASE '!$B$2:$AH$87,33,FALSE) -> 2474469.6 | E39: =D39-C39 -> -6325530.4 | F39: =D39/C39 -> 0.28118972
A40: 92 | B40: CAPITALE | C40: 7150000 | D40: =VLOOKUP(A40,'BASE '!$B$2:$AH$87,33,FALSE) -> 914023.89 | E40: =D40-C40 -> -6235976.1 | F40: =D40/C40 -> 0.12783551
A41: TOTAL ZONE NKTT OUEST | C41: =SUM(C35:C40) -> 35506460 | D41: =SUM(D35:D40) -> 9071784.8 | E41: =SUM(E35:E40) -> -26434675 | F41: =D41/C41 -> 0.25549674
A43: TOTAL NOUAKCHOTT | C43: =C15+C31+C41 -> 85680610 | D43: =D15+D31+D41 -> 20979765 | E43: =E15+E31+E41 -> -64700845 | F43: =D43/C43 -> 0.24486012
A45: ZONE NDB
A46: EXP | B46: CENTRE | C46: OBJECTIFS DC | D46: ='BASE '!P92 -> ENCAISSEMENTS AU 12/04/2026 | E46: ECART DU MOIS | F46: %
A47: 80 | B47: NOUADHIBOU 2 | C47: 3860557 | D47: =VLOOKUP(A47,'BASE '!$B$2:$AH$87,33,FALSE) -> 920851.79 | E47: =D47-C47 -> -2939705.2 | F47: =D47/C47 -> 0.23852822
A48: 60 | B48: NOUADHIBOU 1 | C48: 6553072.9 | D48: =VLOOKUP(A48,'BASE '!$B$2:$AH$87,33,FALSE) -> 895118.23 | E48: =D48-C48 -> -5657954.7 | F48: =D48/C48 -> 0.13659519
A49: 40 | B49: NOUADHIBOU 3 | C49: 2422629 | D49: =VLOOKUP(A49,'BASE '!$B$2:$AH$87,33,FALSE) -> 572432.86 | E49: =D49-C49 -> -1850196.1 | F49: =D49/C49 -> 0.23628581
A50: 15 | B50: CHAMI | C50: 261580 | D50: =VLOOKUP(A50,'BASE '!$B$2:$AH$87,33,FALSE) -> 7309 | E50: =D50-C50 -> -254271 | F50: =D50/C50 -> 0.027941739
A51: TOTAL ZONE NDB | C51: =SUM(C47:C50) -> 13097839 | D51: =SUM(D47:D50) -> 2395711.9 | E51: =SUM(E47:E50) -> -10702127 | F51: =D51/C51 -> 0.18290894
A53: TOTAL DB | C53: =C51 -> 13097839 | D53: =D51 -> 2395711.9 | E53: =E51 -> -10702127 | F53: =F51 -> 0.18290894
A54: ENCAISSEMENTS BLOBAUX
A55: ZONE EST
A56: EXP | B56: CENTRE | C56: OBJECTIFS MOIS | D56: ='BASE '!P92 -> ENCAISSEMENTS AU 12/04/2026 | E56: ECART DU MOIS | F56: %
A57: 71 | B57: NEMA | C57: 1707327 | D57: =VLOOKUP(A57,'BASE '!$B$2:$AH$87,33,FALSE) -> 442720.4 | E57: =D57-C57 -> -1264606.6 | F57: =D57/C57 -> 0.25930616
A58: 35 | B58: ADEL BAGROU | C58: 453089 | D58: =VLOOKUP(A58,'BASE '!$B$2:$AH$87,33,FALSE) -> 99302.5 | E58: =D58-C58 -> -353786.5 | F58: =D58/C58 -> 0.21916776
A59: 70 | B59: AIOUN EL ATROUSS | C59: 1053412 | D59: =VLOOKUP(A59,'BASE '!$B$2:$AH$87,33,FALSE) -> 241886.19 | E59: =D59-C59 -> -811525.81 | F59: =D59/C59 -> 0.22962164
A60: 101 | B60: AIWNAT ZBEL | C60: 94233 | D60: =VLOOKUP(A60,'BASE '!$B$2:$AH$87,33,FALSE) -> 8629 | E60: =D60-C60 -> -85604 | F60: =D60/C60 -> 0.091570893
A61: 72 | B61: TIMBEDRA | C61: 855901 | D61: =VLOOKUP(A61,'BASE '!$B$2:$AH$87,33,FALSE) -> 292900.7 | E61: =D61-C61 -> -563000.3 | F61: =D61/C61 -> 0.34221329
A62: 34 | B62: AMOURJ | C62: 120057 | D62: =VLOOKUP(A62,'BASE '!$B$2:$AH$87,33,FALSE) -> 70653.7 | E62: =D62-C62 -> -49403.3 | F62: =D62/C62 -> 0.5885013
A63: 85 | B63: TINTANE NOUVEAU | C63: 252646 | D63: =VLOOKUP(A63,'BASE '!$B$2:$AH$87,33,FALSE) -> 161494.8 | E63: =D63-C63 -> -91151.2 | F63: =D63/C63 -> 0.63921376
A64: 33 | B64: OULATA | C64: 109280 | D64: =VLOOKUP(A64,'BASE '!$B$2:$AH$87,33,FALSE) -> 15355.3 | E64: =D64-C64 -> -93924.7 | F64: =D64/C64 -> 0.14051336
A65: 37 | B65: VASSALA | C65: 353089 | D65: =VLOOKUP(A65,'BASE '!$B$2:$AH$87,33,FALSE) -> 95096 | E65: =D65-C65 -> -257993 | F65: =D65/C65 -> 0.26932586
A66: 84 | B66: BASSIKNOU | C66: 571633 | D66: =VLOOKUP(A66,'BASE '!$B$2:$AH$87,33,FALSE) -> 185201 | E66: =D66-C66 -> -386432 | F66: =D66/C66 -> 0.32398584
A67: 32 | B67: TAMCHAKET | C67: 256721 | D67: =VLOOKUP(A67,'BASE '!$B$2:$AH$87,33,FALSE) -> 8785.7 | E67: =D67-C67 -> -247935.3 | F67: =D67/C67 -> 0.034222755
A68: 81 | B68: DJIGUENI | C68: 101711 | D68: =VLOOKUP(A68,'BASE '!$B$2:$AH$87,33,FALSE) -> 1421 | E68: =D68-C68 -> -100290 | F68: =D68/C68 -> 0.013970957
A69: 88 | B69: N'BEIKETTE LEHWACH | C69: 39549 | D69: 0 | E69: =D69-C69 -> -39549 | F69: =D69/C69 -> 0
A70: 102 | B70: TOUIL | C70: 126513 | D70: 0 | E70: =D70-C70 -> -126513 | F70: =D70/C70 -> 0
A71: 83 | B71: KOUBENNI | C71: 170012 | D71: =VLOOKUP(A71,'BASE '!$B$2:$AH$87,33,FALSE) -> 1492 | E71: =D71-C71 -> -168520 | F71: =D71/C71 -> 0.0087758511
A72: 38 | B72: TERMESSA | C72: 60999 | D72: 0 | E72: =D72-C72 -> -60999 | F72: =D72/C72 -> 0
A73: TOTAL ZONE INT EST | C73: =SUM(C57:C72) -> 6326172 | D73: =SUM(D57:D72) -> 1624938.3 | E73: =SUM(E57:E72) -> -4701233.7 | F73: =D73/C73 -> 0.25685964
A75: ZONE SUD
A76: EXP | B76: CENTRE | C76: OBJECTIFS DU MOIS | D76: ='BASE '!P92 -> ENCAISSEMENTS AU 12/04/2026 | E76: ECART DU MOIS | F76: %
A77: 29 | B77: OULD YENGE | C77: 200709 | D77: =VLOOKUP(A77,'BASE '!$B$2:$AH$87,33,FALSE) -> 138418.9 | E77: =D77-C77 -> -62290.1 | F77: =D77/C77 -> 0.68964969
A78: 65 | B78: KAEDI | C78: 1486335 | D78: =VLOOKUP(A78,'BASE '!$B$2:$AH$87,33,FALSE) -> 416206.47 | E78: =D78-C78 -> -1070128.5 | F78: =D78/C78 -> 0.28002198
A79: 67 | B79: ALEG | C79: 867509 | D79: =VLOOKUP(A79,'BASE '!$B$2:$AH$87,33,FALSE) -> 213845.29 | E79: =D79-C79 -> -653663.71 | F79: =D79/C79 -> 0.24650498
A80: 61 | B80: BOGHE | C80: 481866 | D80: =VLOOKUP(A80,'BASE '!$B$2:$AH$87,33,FALSE) -> 106071 | E80: =D80-C80 -> -375795 | F80: =D80/C80 -> 0.22012551
A81: 104 | B81: MAAL | C81: 71157 | D81: =VLOOKUP(A81,'BASE '!$B$2:$AH$87,33,FALSE) -> 11731 | E81: =D81-C81 -> -59426 | F81: =D81/C81 -> 0.1648608
A82: 105 | B82: LEXEIBA | C82: 377466 | D82: =VLOOKUP(A82,'BASE '!$B$2:$AH$87,33,FALSE) -> 31682.7 | E82: =D82-C82 -> -345783.3 | F82: =D82/C82 -> 0.083935242
A83: 103 | B83: BOUHDIDA | C83: 166229 | D83: =VLOOKUP(A83,'BASE '!$B$2:$AH$87,33,FALSE) -> 42033.3 | E83: =D83-C83 -> -124195.7 | F83: =D83/C83 -> 0.25286382
A84: 77 | B84: MAGTALAHAJAR | C84: 776603 | D84: =VLOOKUP(A84,'BASE '!$B$2:$AH$87,33,FALSE) -> 169833.7 | E84: =D84-C84 -> -606769.3 | F84: =D84/C84 -> 0.21868793
A85: 75 | B85: SELIBABY | C85: 1262280 | D85: =VLOOKUP(A85,'BASE '!$B$2:$AH$87,33,FALSE) -> 530352.86 | E85: =D85-C85 -> -731927.14 | F85: =D85/C85 -> 0.42015469
A86: 25 | B86: BABABE | C86: 248584 | D86: =VLOOKUP(A86,'BASE '!$B$2:$AH$87,33,FALSE) -> 51326.17 | E86: =D86-C86 -> -197257.83 | F86: =D86/C86 -> 0.20647415
A87: 87 | B87: CHOGGAR | C87: 495486 | D87: =VLOOKUP(A87,'BASE '!$B$2:$AH$87,33,FALSE) -> 33292.6 | E87: =D87-C87 -> -462193.4 | F87: =D87/C87 -> 0.067191808
A88: 28 | B88: MONGUEL | C88: 161553 | D88: =VLOOKUP(A88,'BASE '!$B$2:$AH$87,33,FALSE) -> 7821.9 | E88: =D88-C88 -> -153731.1 | F88: =D88/C88 -> 0.048416928
... A94: 106 | B94: WOMPOU | C94: 83604 | D94: =VLOOKUP(A94,'BASE '!$B$2:$AH$87,33,FALSE) -> 1192 | E94: =D94-C94 -> -82412 | F94: =D94/C94 -> 0.014257691
A95: TOTAL ZONE INT SUD | C95: =SUM(C77:C94) -> 7703791 | D95: =SUM(D77:D94) -> 1787433.3 | E95: =SUM(E77:E94) -> -5916357.7 | F95: =D95/C95 -> 0.23201996
A97: ZONE NORD
A98: EXP | B98: CENTRE | C98: OBJECTIFS MOIS | D98: ='BASE '!P92 -> ENCAISSEMENTS AU 12/04/2026 | E98: ECART DU MOIS | F98: %
A99: 66 | B99: ATAR | C99: 820145 | D99: =VLOOKUP(A99,'BASE '!$B$2:$AH$87,33,FALSE) -> 243454.5 | E99: =D99-C99 -> -576690.5 | F99: =D99/C99 -> 0.29684324
A100: 14 | B100: BENICHAB | C100: 175919 | D100: =VLOOKUP(A100,'BASE '!$B$2:$AH$87,33,FALSE) -> 13614 | E100: =D100-C100 -> -162305 | F100: =D100/C100 -> 0.077387889
A101: 17 | B101: CHINGUITY | C101: 155016 | D101: =VLOOKUP(A101,'BASE '!$B$2:$AH$87,33,FALSE) -> 18860.9 | E101: =D101-C101 -> -136155.1 | F101: =D101/C101 -> 0.12167067
A102: 16 | B102: AOUJEFT | C102: 139439 | D102: =VLOOKUP(A102,'BASE '!$B$2:$AH$87,33,FALSE) -> 14931.3 | E102: =D102-C102 -> -124507.7 | F102: =D102/C102 -> 0.10708123
A103: 62 | B103: AKJOUJT | C103: 739055 | D103: =VLOOKUP(A103,'BASE '!$B$2:$AH$87,33,FALSE) -> 24508.8 | E103: =D103-C103 -> -714546.2 | F103: =D103/C103 -> 0.033162349
A104: 18 | B104: OUADANE | C104: 100429 | D104: =VLOOKUP(A104,'BASE '!$B$2:$AH$87,33,FALSE) -> 1746 | E104: =D104-C104 -> -98683 | F104: =D104/C104 -> 0.017385417
A105: 21 | B105: FDEIRICK | C105: 74255 | D105: =VLOOKUP(A105,'BASE '!$B$2:$AH$87,33,FALSE) -> 1493 | E105: =D105-C105 -> -72762 | F105: =D105/C105 -> 0.02010639
A106: TOTAL ZONE INT NORD | C106: =SUM(C99:C105) -> 2204258 | D106: =SUM(D99:D105) -> 318608.5 | E106: =SUM(E99:E105) -> -1885649.5 | F106: =D106/C106 -> 0.14454229
A108: ZONE CENTRE
A109: EXP | B109: CENTRE | C109: OBJECTIFS MOIS | D109: ='BASE '!P92 -> ENCAISSEMENTS AU 12/04/2026 | E109: ECART DU MOIS | F109: %
A110: 39 | B110: KIFFA 2 | C110: 850000 | D110: =VLOOKUP(A110,'BASE '!$B$2:$AH$87,33,FALSE) -> 262281.8 | E110: =D110-C110 -> -587718.2 | F110: =D110/C110 -> 0.30856682
A111: 74 | B111: GUEROU | C111: 457930 | D111: =VLOOKUP(A111,'BASE '!$B$2:$AH$87,33,FALSE) -> 61337.7 | E111: =D111-C111 -> -396592.3 | F111: =D111/C111 -> 0.13394558
A112: 73 | B112: KIFFA 1 | C112: 1150000 | D112: =VLOOKUP(A112,'BASE '!$B$2:$AH$87,33,FALSE) -> 281223.6 | E112: =D112-C112 -> -868776.4 | F112: =D112/C112 -> 0.24454226
A113: 78 | B113: TIDJIKJA | C113: 820145 | D113: =VLOOKUP(A113,'BASE '!$B$2:$AH$87,33,FALSE) -> 76844.97 | E113: =D113-C113 -> -743300.03 | F113: =D113/C113 -> 0.09369681
...

Sheet COMPARAISON
A1: SNDE
A2: DG
A3: COMPARAISON DES ENCAISSEMENTS GLOBAUX ENTRE AVRIL 2026 ET DECMBRE 2025
A5: NOUALKCHOTT | B5: EXP | C5: CENTRE | D5: ='BASE '!P92 -> ENCAISSEMENTS AU 12/04/2026 | M5: ='MOIS COMP'!I92 -> ENCAISSEMENTS AU 12/12/2025 | O5: ECART
A6: ZONE NKTT NORD | B6: 41 | C6: TEYARETT 2 | D6: =VLOOKUP(B6,'BASE '!B7:AH92,33,FALSE) -> 1049827.6 | M6: =VLOOKUP(B6,'MOIS COMP'!A8:AG93,33,FALSE) -> 948869.6 | O6: =D6-M6 -> 100957.99
A7: ZONE NKTT NORD | B7: 47 | C7: TEYARETT 1 | D7: =VLOOKUP(B7,'BASE '!B4:AH89,33,FALSE) -> 789965.59 | M7: =VLOOKUP(B7,'MOIS COMP'!A5:AG90,33,FALSE) -> 770898.69 | O7: =D7-M7 -> 19066.899
A8: ZONE NKTT NORD | B8: 99 | C8: DAR NAIM-SUD 1 | D8: =VLOOKUP(B8,'BASE '!B6:AH91,33,FALSE) -> 512338.89 | M8: =VLOOKUP(B8,'MOIS COMP'!A7:AG92,33,FALSE) -> 552088.79 | O8: =D8-M8 -> -39749.9
A9: ZONE NKTT NORD | B9: 52 | C9: MELLAH 3 | D9: =VLOOKUP(B9,'BASE '!B8:AH93,33,FALSE) -> 447698.69 | M9: =VLOOKUP(B9,'MOIS COMP'!A9:AG94,33,FALSE) -> 551691.47 | O9: =D9-M9 -> -103992.78
A10: ZONE NKTT NORD | B10: 44 | C10: DAR NAIM-NORD | D10: =VLOOKUP(B10,'BASE '!B10:AH95,33,FALSE) -> 424042.3 | M10: =VLOOKUP(B10,'MOIS COMP'!A11:AG96,33,FALSE) -> 607495.25 | O10: =D10-M10 -> -183452.95
A11: ZONE NKTT NORD | B11: 48 | C11: DAR NAIM-SUD 2 | D11: =VLOOKUP(B11,'BASE '!B5:AH90,33,FALSE) -> 468417.5 | M11: =VLOOKUP(B11,'MOIS COMP'!A6:AG91,33,FALSE) -> 686004.38 | O11: =D11-M11 -> -217586.88
A12: ZONE NKTT NORD | B12: 86 | C12: WAD NAGA | D12: =VLOOKUP(B12,'BASE '!B9:AH94,33,FALSE) -> 583133.1 | M12: =VLOOKUP(B12,'MOIS COMP'!A10:AG95,33,FALSE) -> 856728.39 | O12: =D12-M12 -> -273595.29
A13: ZONE NKTT NORD | B13: 96 | C13: KSAR | D13: =VLOOKUP(B13,'BASE '!B2:AH87,33,FALSE) -> 1460235.9 | M13: =VLOOKUP(B13,'MOIS COMP'!A3:AG87,33,FALSE) -> 1734260.1 | O13: =D13-M13 -> -274024.21
A14: ZONE NKTT NORD | B14: 98 | C14: TOUJOUNINE | D14: =VLOOKUP(B14,'BASE '!B3:AH88,33,FALSE) -> 494924.01 | M14: =VLOOKUP(B14,'MOIS COMP'!A4:AG89,33,FALSE) -> 1132812 | O14: =D14-M14 -> -637887.98
A15: TOTAL ZONE NKTT NORD | D15: =SUM(D6:D14) -> 6230583.5 | M15: =SUM(M6:M14) -> 7840848.6 | O15: =D15-M15 -> -1610265.1
A17: ZONE NKTT OUEST | B17: 55 | C17: TVZ NORD 3 | D17: =VLOOKUP(B17,'BASE '!$B$13:$AH$98,33,FALSE) -> 2145647.4 | M17: =VLOOKUP(B17,'MOIS COMP'!$A$14:$AG$99,33,FALSE) -> 1834078.7 | O17: =D17-M17 -> 311568.7
A18: ZONE NKTT OUEST | B18: 97 | C18: TVZ NORD 2 | D18: =VLOOKUP(B18,'BASE '!$B$13:$AH$98,33,FALSE) -> 1621240.5 | M18: =VLOOKUP(B18,'MOIS COMP'!$A$14:$AG$99,33,FALSE) -> 1486617.6 | O18: =D18-M18 -> 134622.87
A19: ZONE NKTT OUEST | B19: 93 | C19: SEBKHA | D19: =VLOOKUP(B19,'BASE '!$B$13:$AH$98,33,FALSE) -> 518901.79 | M19: =VLOOKUP(B19,'MOIS COMP'!$A$14:$AG$99,33,FALSE) -> 787606.76 | O19: =D19-M19 -> -268704.97
A20: ZONE NKTT OUEST | B20: 43 | C20: TVZ SUD | D20: =VLOOKUP(B20,'BASE '!$B$13:$AH$98,33,FALSE) -> 1397501.7 | M20: =VLOOKUP(B20,'MOIS COMP'!$A$14:$AG$99,33,FALSE) -> 1696097.8 | O20: =D20-M20 -> -298596.08
A21: ZONE NKTT OUEST | B21: 91 | C21: TVZ NORD 1 | D21: =VLOOKUP(B21,'BASE '!$B$13:$AH$98,33,FALSE) -> 2474469.6 | M21: =VLOOKUP(B21,'MOIS COMP'!$A$14:$AG$99,33,FALSE) -> 3394633.8 | O21: =D21-M21 -> -920164.19
A22: ZONE NKTT OUEST | B22: 92 | C22: CAPITALE | D22: =VLOOKUP(B22,'BASE '!$B$13:$AH$98,33,FALSE) -> 914023.89 | M22: =VLOOKUP(B22,'MOIS COMP'!$A$14:$AG$99,33,FALSE) -> 1895276.5 | O22: =D22-M22 -> -981252.59
A23: TOTAL ZONE NKTT OUEST | D23: =SUM(D17:D22) -> 9071784.8 | E23: =SUM(E17:E22) -> 0 | F23: =SUM(F17:F22) -> 0 | G23: =SUM(G17:G22) -> 0 | H23: =SUM(H17:H22) -> 0 | I23: =SUM(I17:I22) -> 0 | J23: =SUM(J17:J22) -> 0 | K23: =SUM(K17:K22) -> 0 | M23: =SUM(M17:M22) -> 11094311 | O23: =SUM(O17:O22) -> -2022526.3
A25: ZONE NKTT SUD | B25: 51 | C25: TARHIL 3 | D25: =VLOOKUP(B25,'BASE '!$B$21:$AH$106,33,FALSE) -> 268593.59 | M25: =VLOOKUP(B25,'MOIS COMP'!$A$14:$AG$99,33,FALSE) -> 147393.19 | O25: =D25-M25 -> 121200.4
A26: ZONE NKTT SUD | B26: 95 | C26: CARREFOUR | D26: =VLOOKUP(B26,'BASE '!$B$21:$AH$106,33,FALSE) -> 982564.6 | M26: =VLOOKUP(B26,'MOIS COMP'!$A$14:$AG$99,33,FALSE) -> 911394.28 | O26: =D26-M26 -> 71170.32
A27: ZONE NKTT SUD | B27: 89 | C27: RIYAD | D27: =VLOOKUP(B27,'BASE '!$B$21:$AH$106,33,FALSE) -> 740798.56 | M27: =VLOOKUP(B27,'MOIS COMP'!$A$14:$AG$99,33,FALSE) -> 734589.98 | O27: =D27-M27 -> 6208.581
A28: ZONE NKTT SUD | B28: 53 | C28: RIYADH 2 | D28: =VLOOKUP(B28,'BASE '!$B$21:$AH$106,33,FALSE) -> 523973.89 | M28: =VLOOKUP(B28,'MOIS COMP'!$A$14:$AG$99,33,FALSE) -> 541735.96 | O28: =D28-M28 -> -17762.07
A29: ZONE NKTT SUD | B29: 49 | C29: TARHIL 1 | D29: =VLOOKUP(B29,'BASE '!$B$21:$AH$106,33,FALSE) -> 419997.1 | M29: =VLOOKUP(B29,'MOIS COMP'!$A$14:$AG$99,33,FALSE) -> 510471.85 | O29: =D29-M29 -> -90474.75
A30: ZONE NKTT SUD | B30: 42 | C30: CARREFOUR 2 | D30: =VLOOKUP(B30,'BASE '!$B$21:$AH$106,33,FALSE) -> 536080.4 | M30: =VLOOKUP(B30,'MOIS COMP'!$A$14:$AG$99,33,FALSE) -> 628248.99 | O30: =D30-M30 -> -92168.59
A31: ZONE NKTT SUD | B31: 50 | C31: TARHIL 2 | D31: =VLOOKUP(B31,'BASE '!$B$21:$AH$106,33,FALSE) -> 272436.09 | M31: =VLOOKUP(B31,'MOIS COMP'!$A$14:$AG$99,33,FALSE) -> 422490.69 | O31: =D31-M31 -> -150054.6
A32: ZONE NKTT SUD | B32: 46 | C32: MELLAH 2 | D32: =VLOOKUP(B32,'BASE '!$B$21:$AH$106,33,FALSE) -> 335529.79 | M32: =VLOOKUP(B32,'MOIS COMP'!$A$14:$AG$99,33,FALSE) -> 516466.85 | O32: =D32-M32 -> -180937.06
A33: ZONE NKTT SUD | B33: 90 | C33: ARAFAT | D33: =VLOOKUP(B33,'BASE '!$B$21:$AH$106,33,FALSE) -> 610061.38 | M33: =VLOOKUP(B33,'MOIS COMP'!$A$14:$AG$99,33,FALSE) -> 882597.49 | O33: =D33-M33 -> -272536.11
A34: ZONE NKTT SUD | B34: 45 | C34: MELLAH 1 | D34: =VLOOKUP(B34,'BASE '!$B$21:$AH$106,33,FALSE) -> 430622.99 | M34: =VLOOKUP(B34,'MOIS COMP'!$A$14:$AG$99,33,FALSE) -> 709856.1 | O34: =D34-M34 -> -279233.11
A35: ZONE NKTT SUD | B35: 94 | C35: EL MINA | D35: =VLOOKUP(B35,'BASE '!$B$21:$AH$106,33,FALSE) -> 556738.19 | E35: =VLOOKUP(C35,[1]Feuil5!$B$4:$V$88,21,FALSE) -> #N/A | F35: =VLOOKUP(D35,[1]Feuil5!$B$4:$V$88,21,FALSE) -> #N/A | G35: =VLOOKUP(E35,[1]Feuil5!$B$4:$V$88,21,FALSE) -> #N/A | H35: =VLOOKUP(F35,[1]Feuil5!$B$4:$V$88,21,FALSE) -> #N/A | I35: =VLOOKUP(G35,[1]Feuil5!$B$4:$V$88,21,FALSE) -> #N/A | J35: =VLOOKUP(H35,[1]Feuil5!$B$4:$V$88,21,FALSE) -> #N/A | K35: =VLOOKUP(I35,[1]Feuil5!$B$4:$V$88,21,FALSE) -> #N/A | M35: =VLOOKUP(B35,'MOIS COMP'!$A$14:$AG$99,33,FALSE) -> 902480.79 | O35: =D35-M35 -> -345742.6
A36: TOTAL ZONE SUD | D36: =SUM(D25:D35) -> 5677396.6 | E36: =SUM(E25:E35) -> #N/A | F36: =SUM(F25:F35) -> #N/A | G36: =SUM(G25:G35) -> #N/A | H36: =SUM(H25:H35) -> #N/A | I36: =SUM(I25:I35) -> #N/A | J36: =SUM(J25:J35) -> #N/A | K36: =SUM(K25:K35) -> #N/A | M36: =SUM(M25:M35) -> 6907726.2 | O36: =SUM(O25:O35) -> -1230329.6
A38: TOTAL ZONES NKTT | D38: =D15+D23+D36 -> 20979765 | E38: =E15+E23+E36 -> #N/A | F38: =F15+F23+F36 -> #N/A | G38: =G15+G23+G36 -> #N/A | H38: =H15+H23+H36 -> #N/A | I38: =I15+I23+I36 -> #N/A | J38: =J15+J23+J36 -> #N/A | K38: =K15+K23+K36 -> #N/A | M38: =M15+M23+M36 -> 25842886 | O38: =D38-M38 -> -4863120.9
A41: NOUADHIBOU | B41: EXP | C41: CENTRE | D41: =D5 -> ENCAISSEMENTS AU 12/04/2026 | M41: ='MOIS COMP'!I92 -> ENCAISSEMENTS AU 12/12/2025 | O41: ECART
A42: ZONE NDB | B42: 60 | C42: NOUADHIBOU 1 | D42: =VLOOKUP(B42,'BASE '!B4:AH89,33,FALSE) -> 895118.23 | M42: =VLOOKUP(B42,'MOIS COMP'!A5:AG90,33,FALSE) -> 803606.76 | O42: =D42-M42 -> 91511.47
A43: ZONE NDB | B43: 40 | C43: NOUADHIBOU 3 | D43: =VLOOKUP(B43,'BASE '!B3:AH88,33,FALSE) -> 572432.86 | M43: =VLOOKUP(B43,'MOIS COMP'!A4:AG89,33,FALSE) -> 566910.6 | O43: =D43-M43 -> 5522.26
A44: ZONE NDB | B44: 15 | C44: CHAMI | D44: =VLOOKUP(B44,'BASE '!B2:AH87,33,FALSE) -> 7309 | E44: =VLOOKUP(C44,'BASE '!C2:AI87,33,FALSE) -> #N/A | F44: =VLOOKUP(D44,'BASE '!D2:AJ87,33,FALSE) -> #N/A | G44: =VLOOKUP(E44,'BASE '!E2:AK87,33,FALSE) -> #N/A | H44: =VLOOKUP(F44,'BASE '!F2:AL87,33,FALSE) -> #N/A | I44: =VLOOKUP(G44,'BASE '!G2:AM87,33,FALSE) -> #N/A | J44: =VLOOKUP(H44,'BASE '!H2:AN87,33,FALSE) -> #N/A | K44: =VLOOKUP(I44,'BASE '!I2:AO87,33,FALSE) -> #N/A | M44: =VLOOKUP(B44,'MOIS COMP'!A3:AG87,33,FALSE) -> 40507.4 | O44: =D44-M44 -> -33198.4
A45: ZONE NDB | B45: 80 | C45: NOUADHIBOU 2 | D45: =VLOOKUP(B45,'BASE '!B38:AH123,33,FALSE) -> 920851.79 | E45: =VLOOKUP(C45,'BASE '!$B$38:$AH$123,33,FALSE) -> #N/A | F45: =VLOOKUP(D45,'BASE '!$B$38:$AH$123,33,FALSE) -> #N/A | G45: =VLOOKUP(E45,'BASE '!$B$38:$AH$123,33,FALSE) -> #N/A | H45: =VLOOKUP(F45,'BASE '!$B$38:$AH$123,33,FALSE) -> #N/A | I45: =VLOOKUP(G45,'BASE '!$B$38:$AH$123,33,FALSE) -> #N/A | J45: =VLOOKUP(H45,'BASE '!$B$38:$AH$123,33,FALSE) -> #N/A | K45: =VLOOKUP(I45,'BASE '!$B$38:$AH$123,33,FALSE) -> #N/A | M45: =VLOOKUP(B45,'MOIS COMP'!$A$14:$AG$99,33,FALSE) -> 1239212.5 | O45: =D45-M45 -> -318360.67
A46: TOTAL ZONE NDB | D46: =SUM(D42:D45) -> 2395711.9 | M46: =SUM(M42:M45) -> 2650237.2 | O46: =D46-M46 -> -254525.34
A50: INTERIEUR | B50: EXP | C50: CENTRE | D50: =D5 -> ENCAISSEMENTS AU 12/04/2026 | M50: ='MOIS COMP'!I92 -> ENCAISSEMENTS AU 12/12/2025 | O50: ECART
A51: ZONE CENTRE | B51: 73 | C51: KIFFA 1 | D51: =VLOOKUP(B51,'BASE '!$B$2:$AH$87,33,FALSE) -> 281223.6 | M51: =VLOOKUP(B51,'MOIS COMP'!A3:AG87,33,FALSE) -> 269907.2 | O51: =D51-M51 -> 11316.4
A52: ZONE CENTRE | B52: 31 | C52: BOUMDEID | D52: =VLOOKUP(B52,'BASE '!$B$2:$AH$87,33,FALSE) -> 3513 | M52: =VLOOKUP(B52,'MOIS COMP'!A8:AG93,33,FALSE) -> 3866.8 | O52: =D52-M52 -> -353.8
A53: ZONE CENTRE | B53: 20 | C53: TICHIT | D53: =VLOOKUP(B53,'BASE '!$B$2:$AH$87,33,FALSE) -> 608.2 | M53: =VLOOKUP(B53,'MOIS COMP'!A4:AG89,33,FALSE) -> 1781.6 | O53: =D53-M53 -> -1173.4
A54: ZONE CENTRE | B54: 19 | C54: MOUDJERIA | D54: =VLOOKUP(B54,'BASE '!$B$2:$AH$87,33,FALSE) -> 5526 | M54: =VLOOKUP(B54,'MOIS COMP'!A5:AG90,33,FALSE) -> 9593 | O54: =D54-M54 -> -4067
A55: ZONE CENTRE | B55: 30 | C55: BARKEOL | D55: =VLOOKUP(B55,'BASE '!$B$2:$AH$87,33,FALSE) -> 1981 | M55: =VLOOKUP(B55,'MOIS COMP'!A7:AG92,33,FALSE) -> 8911.5 | O55: =D55-M55 -> -6930.5
A56: ZONE CENTRE | B56: 74 | C56: GUEROU | D56: =VLOOKUP(B56,'BASE '!$B$2:$AH$87,33,FALSE) -> 61337.7 | M56: =VLOOKUP(B56,'MOIS COMP'!A11:AG96,33,FALSE) -> 90372 | O56: =D56-M56 -> -29034.3
A57: ZONE CENTRE | B57: 78 | C57: TIDJIKJA | D57: =VLOOKUP(B57,'BASE '!$B$2:$AH$87,33,FALSE) -> 76844.97 | M57: =VLOOKUP(B57,'MOIS COMP'!A9:AG94,33,FALSE) -> 132040.96 | O57: =D57-M57 -> -55195.99
A58: ZONE CENTRE | B58: 39 | C58: KIFFA 2 | D58: =VLOOKUP(B58,'BASE '!$B$2:$AH$87,33,FALSE) -> 262281.8 | M58: =VLOOKUP(B58,'MOIS COMP'!A10:AG95,33,FALSE) -> 328703.39 | O58: =D58-M58 -> -66421.59
A59: ZONE CENTRE | B59: 82 | C59: KANKOUSSA | D59: =VLOOKUP(B59,'BASE '!$B$2:$AH$87,33,FALSE) -> 28512.5 | M59: =VLOOKUP(B59,'MOIS COMP'!A6:AG91,33,FALSE) -> 96159.2 | O59: =D59-M59 -> -67646.7
A60: TOTAL ZONE INT CENTRE | D60: =SUM(D51:D59) -> 721828.77 | E60: =SUM(E51:E59) -> 0 | F60: =SUM(F51:F59) -> 0 | G60: =SUM(G51:G59) -> 0 | H60: =SUM(H51:H59) -> 0 | I60: =SUM(I51:I59) -> 0 | J60: =SUM(J51:J59) -> 0 | K60: =SUM(K51:K59) -> 0 | M60: =SUM(M51:M59) -> 941335.65 | O60: =D60-M60 -> -219506.88
A62: ZONE EST | B62: 84 | C62: BASSIKNOU | D62: =VLOOKUP(B62,'BASE '!$B$2:$AH$87,33,FALSE) -> 185201 | M62: =VLOOKUP(B62,'MOIS COMP'!$A$14:$AG$99,33,FALSE) -> 28484.1 | O62: =D62-M62 -> 156716.9
A63: ZONE EST | B63: 37 | C63: VASSALA | D63: =VLOOKUP(B63,'BASE '!$B$2:$AH$87,33,FALSE) -> 95096 | M63: =VLOOKUP(B63,'MOIS COMP'!$A$14:$AG$99,33,FALSE) -> 25729 | O63: =D63-M63 -> 69367
A64: ZONE EST | B64: 34 | C64: AMOURJ | D64: =VLOOKUP(B64,'BASE '!$B$2:$AH$87,33,FALSE) -> 70653.7 | M64: =VLOOKUP(B64,'MOIS COMP'!$A$14:$AG$99,33,FALSE) -> 3825.6 | O64: =D64-M64 -> 66828.1
A65: ZONE EST | B65: 85 | C65: TINTANE NOUVEAU | D65: =VLOOKUP(B65,'BASE '!$B$2:$AH$87,33,FALSE) -> 161494.8 | M65: =VLOOKUP(B65,'MOIS COMP'!$A$14:$AG$99,33,FALSE) -> 111653.1 | O65: =D65-M65 -> 49841.7
A66: ZONE EST | B66: 33 | C66: OULATA | D66: =VLOOKUP(B66,'BASE '!$B$2:$AH$87,33,FALSE) -> 15355.3 | M66: =VLOOKUP(B66,'MOIS COMP'!$A$14:$AG$99,33,FALSE) -> 7621.1 | O66: =D66-M66 -> 7734.2
A67: ZONE EST | B67: 101 | C67: AIWNAT ZBEL | D67: =VLOOKUP(B67,'BASE '!$B$2:$AH$87,33,FALSE) -> 8629 | M67: =VLOOKUP(B67,'MOIS COMP'!$A$14:$AG$99,33,FALSE) -> 3485.2 | O67: =D67-M67 -> 5143.8
A68: ZONE EST | B68: 32 | C68: TAMCHAKET | D68: =VLOOKUP(B68,'BASE '!$B$2:$AH$87,33,FALSE) -> 8785.7 | M68: =VLOOKUP(B68,'MOIS COMP'!$A$14:$AG$99,33,FALSE) -> 3947 | O68: =D68-M68 -> 4838.7
A69: ZONE EST | B69: 72 | C69: TIMBEDRA | D69: =VLOOKUP(B69,'BASE '!$B$2:$AH$87,33,FALSE) -> 292900.7 | M69: =VLOOKUP(B69,'MOIS COMP'!$A$14:$AG$99,33,FALSE) -> 291438.5 | O69: =D69-M69 -> 1462.2
A70: ZONE EST | B70: 81 | C70: DJIGUENI | D70: =VLOOKUP(B70,'BASE '!$B$2:$AH$87,33,FALSE) -> 1421 | M70: 0 | O70: =D70-M70 -> 1421
A71: ZONE EST | B71: 83 | C71: KOUBENNI | D71: =VLOOKUP(B71,'BASE '!$B$2:$AH$87,33,FALSE) -> 1492 | M71: =VLOOKUP(B71,'MOIS COMP'!$A$14:$AG$99,33,FALSE) -> 939 | O71: =D71-M71 -> 553
A72: ZONE EST | B72: 102 | C72: TOUIL | D72: 0 | M72: 0 | O72: =D72-M72 -> 0
A73: ZONE EST | B73: 38 | C73: TERMESSA | D73: 0 | M73: 0 | O73: =D73-M73 -> 0
A74: ZONE EST | B74: 88 | C74: N'BEIKETTE LEHWACH | D74: 0 | E74: =VLOOKUP(C74,'BASE '!C13:AI98,33,FALSE) -> #N/A | F74: =VLOOKUP(D74,'BASE '!D13:AJ98,33,FALSE) -> #N/A | G74: =VLOOKUP(E74,'BASE '!E13:AK98,33,FALSE) -> #N/A | H74: =VLOOKUP(F74,'BASE '!F13:AL98,33,FALSE) -> #N/A | I74: =VLOOKUP(G74,'BASE '!G13:AM98,33,FALSE) -> #N/A | J74: =VLOOKUP(H74,'BASE '!H13:AN98,33,FALSE) -> #N/A | K74: =VLOOKUP(I74,'BASE '!I13:AO98,33,FALSE) -> #N/A | M74: =VLOOKUP(B74,'MOIS COMP'!$A$14:$AG$99,33,FALSE) -> 4543 | O74: =D74-M74 -> -4543
A75: ZONE EST | B75: 35 | C75: ADEL BAGROU | D75: =VLOOKUP(B75,'BASE '!$B$2:$AH$87,33,FALSE) -> 99302.5 | M75: =VLOOKUP(B75,'MOIS COMP'!$A$14:$AG$99,33,FALSE) -> 128258 | O75: =D75-M75 -> -28955.5
A76: ZONE EST | B76: 70 | C76: AIOUN EL ATROUSS | D76: =VLOOKUP(B76,'BASE '!$B$2:$AH$87,33,FALSE) -> 241886.19 | M76: =VLOOKUP(B76,'MOIS COMP'!$A$14:$AG$99,33,FALSE) -> 403940.68 | O76: =D76-M76 -> -162054.49
A77: ZONE EST | B77: 71 | C77: NEMA | D77: =VLOOKUP(B77,'BASE '!$B$2:$AH$87,33,FALSE) -> 442720.4 | M77: =VLOOKUP(B77,'MOIS COMP'!$A$14:$AG$99,33,FALSE) -> 672445.29 | O77: =D77-M77 -> -229724.89
A78: TOTAL ZONE INT EST | D78: =SUM(D62:D77) -> 1624938.3 | E78: =SUM(E62:E77) -> #N/A | F78: =SUM(F62:F77) -> #N/A | G78: =SUM(G62:G77) -> #N/A | H78: =SUM(H62:H77) -> #N/A | I78: =SUM(I62:I77) -> #N/A | J78: =SUM(J62:J77) -> #N/A | K78: =SUM(K62:K77) -> #N/A | M78: =SUM(M62:M77) -> 1686309.6 | O78: =D78-M78 -> -61371.28
A80: ZONE NORD | B80: 62 | C80: AKJOUJT | D80: =VLOOKUP(B80,'BASE '!$B$2:$AH$87,33,FALSE) -> 24508.8 | M80: =VLOOKUP(B80,'MOIS COMP'!$A$3:$AG$87,33,FALSE) -> 11384 | O80: =D80-M80 -> 13124.8
A81: ZONE NORD | B81: 14 | C81: BENICHAB | D81: =VLOOKUP(B81,'BASE '!$B$2:$AH$87,33,FALSE) -> 13614 | M81: =VLOOKUP(B81,'MOIS COMP'!$A$3:$AG$87,33,FALSE) -> 5531.1 | O81: =D81-M81 -> 8082.9
A82: ZONE NORD | B82: 16 | C82: AOUJEFT | D82: =VLOOKUP(B82,'BASE '!$B$2:$AH$87,33,FALSE) -> 14931.3 | M82: =VLOOKUP(B82,'MOIS COMP'!$A$3:$AG$87,33,FALSE) -> 9431.3 | O82: =D82-M82 -> 5500
A83: ZONE NORD | B83: 21 | C83: FDEIRICK | D83: =VLOOKUP(B83,'BASE '!$B$2:$AH$87,33,FALSE) -> 1493 | M83: 0 | O83: =D83-M83 -> 1493
A84: ZONE NORD | B84: 17 | C84: CHINGUITY | D84: =VLOOKUP(B84,'BASE '!$B$2:$AH$87,33,FALSE) -> 18860.9 | E84: =VLOOKUP(C84,'BASE '!$B$2:$AH$87,33,FALSE) -> #N/A | F84: =VLOOKUP(D84,'BASE '!$B$2:$AH$87,33,FALSE) -> #N/A | G84: =VLOOKUP(E84,'BASE '!$B$2:$AH$87,33,FALSE) -> #N/A | H84: =VLOOKUP(F84,'BASE '!$B$2:$AH$87,33,FALSE) -> #N/A | I84: =VLOOKUP(G84,'BASE '!$B$2:$AH$87,33,FALSE) -> #N/A | J84: =VLOOKUP(H84,'BASE '!$B$2:$AH$87,33,FALSE) -> #N/A | K84: =VLOOKUP(I84,'BASE '!$B$2:$AH$87,33,FALSE) -> #N/A | M84: =VLOOKUP(B84,'MOIS COMP'!$A$3:$AG$87,33,FALSE) -> 27461.8 | O84: =D84-M84 -> -8600.9
A85: ZONE NORD | B85: 18 | C85: OUADANE | D85: =VLOOKUP(B85,'BASE '!$B$2:$AH$87,33,FALSE) -> 1746 | M85: =VLOOKUP(B85,'MOIS COMP'!$A$3:$AG$87,33,FALSE) -> 25384.09 | O85: =D85-M85 -> -23638.09
A86: ZONE NORD | B86: 66 | C86: ATAR | D86: =VLOOKUP(B86,'BASE '!$B$2:$AH$87,33,FALSE) -> 243454.5 | M86: =VLOOKUP(B86,'MOIS COMP'!$A$3:$AG$87,33,FALSE) -> 344271.59 | O86: =D86-M86 -> -100817.09
A87: TOTAL ZONE INT NRD | D87: =SUM(D80:D86) -> 318608.5 | E87: =SUM(E80:E86) -> #N/A | F87: =SUM(F80:F86) -> #N/A | G87: =SUM(G80:G86) -> #N/A | H87: =SUM(H80:H86) -> #N/A | I87: =SUM(I80:I86) -> #N/A | J87: =SUM(J80:J86) -> #N/A | K87: =SUM(K80:K86) -> #N/A | M87: =SUM(M80:M86) -> 423463.88 | O87: =D87-M87 -> -104855.38
A89: ZONE SUD | B89: 67 | C89: ALEG | D89: =VLOOKUP(B89,'BASE '!$B$2:$AH$87,33,FALSE) -> 213845.29 | M89: =VLOOKUP(B89,'MOIS COMP'!$A$3:$AG$87,33,FALSE) -> 94087.5 | O89: =D89-M89 -> 119757.79
A90: ZONE SUD | B90: 29 | C90: OULD YENGE | D90: =VLOOKUP(B90,'BASE '!$B$2:$AH$87,33,FALSE) -> 138418.9 | M90: =VLOOKUP(B90,'MOIS COMP'!$A$3:$AG$87,33,FALSE) -> 60370 | O90: =D90-M90 -> 78048.9
A91: ZONE SUD | B91: 75 | C91: SELIBABY | D91: =VLOOKUP(B91,'BASE '!$B$2:$AH$87,33,FALSE) -> 530352.86 | M91: =VLOOKUP(B91,'MOIS COMP'!$A$3:$AG$87,33,FALSE) -> 468107.98 | O91: =D91-M91 -> 62244.88
A92: ZONE SUD | B92: 104 | C92: MAAL | D92: =VLOOKUP(B92,'BASE '!$B$2:$AH$87,33,FALSE) -> 11731 | M92: =VLOOKUP(B92,'MOIS COMP'!$A$3:$AG$87,33,FALSE) -> 911 | O92: =D92-M92 -> 10820
A93: ZONE SUD | B93: 28 | C93: MONGUEL | D93: =VLOOKUP(B93,'BASE '!$B$2:$AH$87,33,FALSE) -> 7821.9 | M93: =VLOOKUP(B93,'MOIS COMP'!$A$3:$AG$87,33,FALSE) -> 2476.4 | O93: =D93-M93 -> 5345.5
A94: ZONE SUD | B94: 26 | C94: M'BAGNE | D94: =VLOOKUP(B94,'BASE '!$B$2:$AH$87,33,FALSE) -> 3020.7 | M94: =VLOOKUP(B94,'MOIS COMP'!$A$3:$AG$87,33,FALSE) -> 1573.9 | O94: =D94-M94 -> 1446.8
A95: ZONE SUD | B95: 27 | C95: MAGHAMA | D95: =VLOOKUP(B95,'BASE '!$B$2:$AH$87,33,FALSE) -> 4574 | M95: =VLOOKUP(B95,'MOIS COMP'!$A$3:$AG$87,33,FALSE) -> 3588.59 | O95: =D95-M95 -> 985.41
A96: ZONE SUD | B96: 107 | C96: GHABOU | D96: =VLOOKUP(B96,'BASE '!$B$2:$AH$87,33,FALSE) -> 983 | M96: =VLOOKUP(B96,'MOIS COMP'!$A$3:$AG$87,33,FALSE) -> 229 | O96: =D96-M96 -> 754
A97: ZONE SUD | B97: 106 | C97: WOMPOU | D97: =VLOOKUP(B97,'BASE '!$B$2:$AH$87,33,FALSE) -> 1192 | M97: =VLOOKUP(B97,'MOIS COMP'!$A$3:$AG$87,33,FALSE) -> 1994 | O97: =D97-M97 -> -802
A98: ZONE SUD | B98: 105 | C98: LEXEIBA | D98: =VLOOKUP(B98,'BASE '!$B$2:$AH$87,33,FALSE) -> 31682.7 | M98: =VLOOKUP(B98,'MOIS COMP'!$A$3:$AG$87,33,FALSE) -> 38778.19 | O98: =D98-M98 -> -7095.49
A99: ZONE SUD | B99: 36 | C99: SANGRAVA | D99: =VLOOKUP(B99,'BASE '!$B$2:$AH$87,33,FALSE) -> 18751.4 | E99: =VLOOKUP(C99,'BASE '!$B$2:$AH$87,33,FALSE) -> #N/A | F99: =VLOOKUP(D99,'BASE '!$B$2:$AH$87,33,FALSE) -> #N/A | G99: =VLOOKUP(E99,'BASE '!$B$2:$AH$87,33,FALSE) -> #N/A | H99: =VLOOKUP(F99,'BASE '!$B$2:$AH$87,33,FALSE) -> #N/A | I99: =VLOOKUP(G99,'BASE '!$B$2:$AH$87,33,FALSE) -> #N/A | J99: =VLOOKUP(H99,'BASE '!$B$2:$AH$87,33,FALSE) -> #N/A | K99: =VLOOKUP(I99,'BASE '!$B$2:$AH$87,33,FALSE) -> #N/A | M99: =VLOOKUP(B99,'MOIS COMP'!$A$3:$AG$87,33,FALSE) -> 32327.5 | O99: =D99-M99 -> -13576.1
A100: ZONE SUD | B100: 25 | C100: BABABE | D100: =VLOOKUP(B100,'BASE '!$B$2:$AH$87,33,FALSE) -> 51326.17 | M100: =VLOOKUP(B100,'MOIS COMP'!$A$3:$AG$87,33,FALSE) -> 71052.29 | O100: =D100-M100 -> -19726.12
A101: ZONE SUD | B101: 76 | C101: M'BOUT | D101: =VLOOKUP(B101,'BASE '!$B$2:$AH$87,33,FALSE) -> 6296.3 | M101: =VLOOKUP(B101,'MOIS COMP'!$A$3:$AG$87,33,FALSE) -> 26651 | O101: =D101-M101 -> -20354.7
A102: ZONE SUD | B102: 61 | C102: BOGHE | D102: =VLOOKUP(B102,'BASE '!$B$2:$AH$87,33,FALSE) -> 106071 | M102: =VLOOKUP(B102,'MOIS COMP'!$A$3:$AG$87,33,FALSE) -> 135490.36 | O102: =D102-M102 -> -29419.36
A103: ZONE SUD | B103: 103 | C103: BOUHDIDA | D103: =VLOOKUP(B103,'BASE '!$B$2:$AH$87,33,FALSE) -> 42033.3 | M103: =VLOOKUP(B103,'MOIS COMP'!$A$3:$AG$87,33,FALSE) -> 86452 | O103: =D103-M103 -> -44418.7
A104: ZONE SUD | B104: 77 | C104: MAGTALAHAJAR | D104: =VLOOKUP(B104,'BASE '!$B$2:$AH$87,33,FALSE) -> 169833.7 | M104: =VLOOKUP(B104,'MOIS COMP'!$A$3:$AG$87,33,FALSE) -> 241599.18 | O104: =D104-M104 -> -71765.48
A105: ZONE SUD | B105: 87 | C105: CHOGGAR | D105: =VLOOKUP(B105,'BASE '!$B$2:$AH$87,33,FALSE) -> 33292.6 | M105: =VLOOKUP(B105,'MOIS COMP'!$A$3:$AG$87,33,FALSE) -> 114650 | O105: =D105-M105 -> -81357.4
A106: ZONE SUD | B106: 65 | C106: KAEDI | D106: =VLOOKUP(B106,'BASE '!$B$2:$AH$87,33,FALSE) -> 416206.47 | M106: =VLOOKUP(B106,'MOIS COMP'!$A$3:$AG$87,33,FALSE) -> 613471.15 | O106: =D106-M106 -> -197264.68
A107: TOTAL ZONE INT NRD | D107: =SUM(D89:D106) -> 1787433.3 | E107: =SUM(E89:E106) -> #N/A | F107: =SUM(F89:F106) -> #N/A | G107: =SUM(G89:G106) -> #N/A | H107: =SUM(H89:H106) -> #N/A | I107: =SUM(I89:I106) -> #N/A | J107: =SUM(J89:J106) -> #N/A | K107: =SUM(K89:K106) -> #N/A | M107: =SUM(M89:M106) -> 1993810 | O107: =D107-M107 -> -206376.75
A109: ZONE TRARZA | B109: 23 | C109: RKIZ | D109: =VLOOKUP(B109,'BASE '!$B$2:$AH$87,33,FALSE) -> 176643.3 | M109: =VLOOKUP(B109,'MOIS COMP'!$A$3:$AG$88,33,FALSE) -> 135246.29 | O109: =D109-M109 -> 41397.01
A110: ZONE TRARZA | B110: 24 | C110: KEUR MACENE | D110: =VLOOKUP(B110,'BASE '!$B$2:$AH$87,33,FALSE) -> 12059.4 | M110: =VLOOKUP(B110,'MOIS COMP'!$A$3:$AG$88,33,FALSE) -> 1711 | O110: =D110-M110 -> 10348.4
A111: ZONE TRARZA | B111: 108 | C111: TEKANE | D111: =VLOOKUP(B111,'BASE '!$B$2:$AH$87,33,FALSE) -> 1187 | M111: =VLOOKUP(B111,'MOIS COMP'!$A$3:$AG$88,33,FALSE) -> 4559 | O111: =D111-M111 -> -3372
A112: ZONE TRARZA | B112: 69 | C112: MEDERDRA | D112: =VLOOKUP(B112,'BASE '!$B$2:$AH$87,33,FALSE) -> 72523.5 | M112: =VLOOKUP(B112,'MOIS COMP'!$A$3:$AG$88,33,FALSE) -> 87637.4 | O112: =D112-M112 -> -15113.9
A113: ZONE TRARZA | B113: 64 | C113: ROSSO | D113: =VLOOKUP(B113,'BASE '!$B$2:$AH$87,33,FALSE) -> 409021.69 | M113: =VLOOKUP(B113,'MOIS COMP'!$A$3:$AG$88,33,FALSE) -> 438550.58 | O113: =D113-M113 -> -29528.89
...

Sheet NKTT
A1: SNDE
A2: DG
A3: SUIVI OBJECTIFS EN ENCAISSEMENTS GLOBAUX
F4: ='BASE '!P92 -> ENCAISSEMENTS AU 12/04/2026
A5: ZONE | B5: EXP | C5: CENTRE | D5: OBJECTIF DG | E5: OBJECTIF DC | F5: Encaissement Cumulé | G5: ECART DU MOIS | H5: %
A6: NORD | B6: 41 | C6: TEYARETT 2 | D6: 3500000 | E6: 2530000 | F6: =VLOOKUP(B6,'BASE '!$B$2:$AH$87,33,FALSE) -> 1049827.6 | G6: =F6-E6 -> -1480172.4 | H6: =F6/E6 -> 0.41495162
A7: NORD | B7: 44 | C7: DAR NAIM-NORD | D7: 2000000 | E7: 1650000 | F7: =VLOOKUP(B7,'BASE '!$B$2:$AH$87,33,FALSE) -> 424042.3 | G7: =F7-E7 -> -1225957.7 | H7: =F7/E7 -> 0.25699533
A8: NORD | B8: 48 | C8: DAR NAIM-SUD 2 | D8: 2500000 | E8: 2527668 | F8: =VLOOKUP(B8,'BASE '!$B$2:$AH$87,33,FALSE) -> 468417.5 | G8: =F8-E8 -> -2059250.5 | H8: =F8/E8 -> 0.18531607
A9: NORD | B9: 86 | C9: WAD NAGA | D9: 2500000 | E9: 1561340 | F9: =VLOOKUP(B9,'BASE '!$B$2:$AH$87,33,FALSE) -> 583133.1 | G9: =F9-E9 -> -978206.9 | H9: =F9/E9 -> 0.37348246
A10: NORD | B10: 47 | C10: TEYARETT 1 | D10: 3500000 | E10: 2530000 | F10: =VLOOKUP(B10,'BASE '!$B$2:$AH$87,33,FALSE) -> 789965.59 | G10: =F10-E10 -> -1740034.4 | H10: =F10/E10 -> 0.31223936
A11: NORD | B11: 98 | C11: TOUJOUNINE | D11: 3700000 | E11: 3300000 | F11: =VLOOKUP(B11,'BASE '!$B$2:$AH$87,33,FALSE) -> 494924.01 | G11: =F11-E11 -> -2805076 | H11: =F11/E11 -> 0.14997697
A12: NORD | B12: 96 | C12: KSAR | D12: 4500000 | E12: 4400000 | F12: =VLOOKUP(B12,'BASE '!$B$2:$AH$87,33,FALSE) -> 1460235.9 | G12: =F12-E12 -> -2939764.1 | H12: =F12/E12 -> 0.33187179
A13: NORD | B13: 52 | C13: MELLAH 3 | D13: 1800000 | E13: 1810468 | F13: =VLOOKUP(B13,'BASE '!$B$2:$AH$87,33,FALSE) -> 447698.69 | G13: =F13-E13 -> -1362769.3 | H13: =F13/E13 -> 0.2472834
A14: NORD | B14: 99 | C14: DAR NAIM-SUD 1 | D14: 2000000 | E14: 2389332 | F14: =VLOOKUP(B14,'BASE '!$B$2:$AH$87,33,FALSE) -> 512338.89 | G14: =F14-E14 -> -1876993.1 | H14: =F14/E14 -> 0.21442767
A15: OUEST | B15: 91 | C15: TVZ NORD 1 | D15: 9000000 | E15: 8800000 | F15: =VLOOKUP(B15,'BASE '!$B$2:$AH$87,33,FALSE) -> 2474469.6 | G15: =F15-E15 -> -6325530.4 | H15: =F15/E15 -> 0.28118972
A16: OUEST | B16: 55 | C16: TVZ NORD 3 | D16: 7000000 | E16: 4480630 | F16: =VLOOKUP(B16,'BASE '!$B$2:$AH$87,33,FALSE) -> 2145647.4 | G16: =F16-E16 -> -2334982.6 | H16: =F16/E16 -> 0.47887181
A17: OUEST | B17: 97 | C17: TVZ NORD 2 | D17: 6000000 | E17: 7154840 | F17: =VLOOKUP(B17,'BASE '!$B$2:$AH$87,33,FALSE) -> 1621240.5 | G17: =F17-E17 -> -5533599.5 | H17: =F17/E17 -> 0.22659353
... A30: SUD | B30: 51 | C30: TARHIL 3 | D30: 1200000 | E30: 1182654 | F30: =VLOOKUP(B30,'BASE '!$B$2:$AH$87,33,FALSE) -> 268593.59 | G30: =F30-E30 -> -914060.41 | H30: =F30/E30 -> 0.22711088
A31: SUD | B31: 53 | C31: RIYADH 3 | E31: 1946670 | F31: =VLOOKUP(B31,'BASE '!$B$2:$AH$87,33,FALSE) -> 523973.89 | G31: =F31-E31 -> -1422696.1 | H31: =F31/E31 -> 0.26916421
A32: TOTAL NOUAKCHOTT | D32: =SUM(D6:D31) -> 88900000 | E32: =SUM(E6:E31) -> 85680610 | F32: =SUM(F6:F31) -> 20979765 | G32: =D32-F32 -> 67920235 | H32: =F32/E32 -> 0.24486012

Sheet Legende
F1: 1.12
F2: 1.11
F3: 1.1
F4: 1.09
F5: 1.08
F6: 1.07
F7: 1.06
F8: 1.05
F9: 1.04
F10: 1.03
F11: 1.02
F12: 1.01
... F85: 0.28
